State,specifier,agency,race,religion,sexualOrientation,disability,gender
Alabama,Total,,8,1,0,0,0,0,,,,,
,Cities,,7,1,0,0,0,0,,,,,
,,Hoover,5,1,0,0,0,0,2,1,2,1,"85,634"
,,Ozark,2,0,0,0,0,0,1,,,1,"14,559"
,Universities and Colleges,,1,0,0,0,0,0,,,,,
,,Jacksonville State University,1,0,0,0,0,0,,,1,,"8,514"
Alaska,Total,,3,1,0,0,0,0,,,,,
,Cities,,3,0,0,0,0,0,,,,,
,,Anchorage,1,0,0,0,0,0,0,0,0,1,"296,188"
,,Juneau,2,0,0,0,0,0,0,0,0,2,"32,344"
,State Police Agencies,,0,1,0,0,0,0,,,,,
,,Alaska State Troopers,0,1,0,0,0,0,0,1,,,
Arizona,Total,,168,48,55,5,0,12,,,,,
,Cities,,160,47,52,5,0,12,,,,,
,,Avondale,0,0,1,0,0,0,0,0,0,1,"84,041"
,,Chandler,1,0,0,0,0,0,0,1,0,0,"249,355"
,,Cottonwood,1,0,0,0,0,0,0,0,0,1,"12,116"
,,El Mirage,1,0,0,0,0,0,0,1,,,"35,611"
,,Gilbert,2,1,0,0,0,0,0,1,1,1,"242,090"
,,Glendale,3,2,0,0,0,0,0,1,2,2,"249,273"
,,Mesa,4,1,0,0,0,0,1,0,1,3,"492,268"
,,Page,1,0,0,0,0,0,0,0,1,0,"7,632"
,,Phoenix2,142,41,44,4,0,12,49,57,48,65,"1,644,177"
,,Scottsdale,2,1,1,0,0,0,4,0,0,0,"251,840"
,,St. Johns,2,0,0,0,0,0,1,0,1,0,"3,581"
,,Tucson,0,1,3,1,0,0,1,2,1,1,"532,323"
,,Wickenburg,0,0,1,0,0,0,0,0,0,1,"6,979"
,,Yuma,1,0,2,0,0,0,1,0,2,0,"95,522"
,Universities and Colleges,,1,1,1,0,0,0,,,,,
,,University of Arizona,1,1,1,0,0,0,0,0,3,,"43,161"
,Metropolitan Counties,,5,0,2,0,0,0,,,,,
,,Maricopa,1,0,2,0,0,0,2,0,0,1,
,,Mohave,1,0,0,0,0,0,0,0,1,,
,,Pima,2,0,0,0,0,0,2,,,0,
,,Yuma,1,0,0,0,0,0,1,0,0,0,
,Nonmetropolitan Counties,,2,0,0,0,0,0,,,,,
,,Apache,2,0,0,0,0,0,0,0,0,2,
Arkansas,Total,,5,0,1,1,0,0,,,,,
,Cities,,5,0,1,0,0,0,,,,,
,,Benton,1,0,0,0,0,0,0,0,1,0,"36,702"
,,Fayetteville,0,0,1,0,0,0,0,0,0,1,"85,592"
,,Fort Smith,4,0,0,0,0,0,0,1,1,2,"88,437"
,Nonmetropolitan Counties,,0,0,0,1,0,0,,,,,
,,Boone,0,0,0,1,0,0,0,1,0,0,
California,Total,,603,207,248,4,4,29,,,,,
,Cities,,524,187,217,4,4,26,,,,,
,,Adelanto,1,0,1,0,0,0,1,1,0,0,"33,693"
,,Alameda,6,1,2,1,0,0,0,0,7,3,"79,761"
,,Albany2,1,0,2,0,0,0,1,0,1,0,"19,880"
,,Alhambra,1,0,0,0,0,1,1,1,0,0,"85,865"
,,Aliso Viejo,1,0,0,0,0,0,1,0,0,0,"51,984"
,,Anaheim,0,0,1,0,0,0,0,0,0,1,"353,400"
,,Antioch,1,0,0,0,0,0,0,1,0,0,"112,252"
,,Apple Valley,0,1,0,0,0,0,0,0,1,0,"73,105"
,,Arcata,1,0,1,0,0,0,1,0,1,0,"18,054"
,,Atwater,1,0,0,0,0,1,1,0,1,0,"29,442"
,,Azusa,2,0,0,0,0,0,0,0,1,1,"50,202"
,,Bakersfield,4,0,3,0,0,0,0,3,0,4,"381,154"
,,Bell,0,1,0,0,0,0,0,0,0,1,"35,925"
,,Bellflower,0,1,0,0,0,0,0,0,0,1,"77,984"
,,Bell Gardens,1,0,0,0,0,0,0,0,1,0,"42,930"
,,Belmont,0,1,0,0,0,0,1,0,0,0,"27,285"
,,Benicia,1,0,0,0,0,0,0,1,0,0,"28,370"
,,Berkeley,13,4,6,0,0,0,7,6,4,6,"122,687"
,,Beverly Hills,2,0,0,0,0,0,0,0,1,1,"34,781"
,,Brentwood,1,0,0,0,0,1,0,1,1,0,"62,120"
,,Buena Park,1,0,0,0,0,0,0,1,0,0,"83,552"
,,Burbank,1,6,1,0,0,0,1,1,0,6,"104,622"
,,Camarillo,1,0,0,0,0,0,0,1,0,0,"67,714"
,,Capitola,1,0,0,0,0,0,0,0,0,1,"10,222"
,,Carlsbad,4,2,1,0,0,0,0,4,0,3,"115,344"
,,Carson,0,1,0,0,0,0,0,0,1,0,"92,992"
,,Central Marin,0,2,0,0,0,0,0,1,0,1,"35,060"
,,Chico,1,0,0,0,0,0,0,0,1,0,"92,459"
,,Chino,5,0,1,0,0,0,2,2,1,1,"89,420"
,,Chino Hills,1,0,0,0,0,0,1,0,0,0,"79,480"
,,Citrus Heights,1,0,1,0,0,0,1,0,1,0,"88,126"
,,Clearlake,0,1,1,0,0,0,1,1,0,0,"15,018"
,,Colma,0,0,1,0,0,0,0,1,0,0,"1,520"
,,Concord,0,0,1,0,0,0,0,0,1,0,"129,789"
,,Corcoran,1,0,0,0,0,0,0,1,0,0,"22,345"
,,Corning,1,0,0,0,0,0,0,1,0,0,"7,511"
,,Corona,1,0,1,0,0,0,0,0,2,0,"169,164"
,,Costa Mesa,2,0,0,0,0,0,1,0,0,1,"113,267"
,,Covina,0,0,1,0,0,0,0,1,0,0,"48,674"
,,Crescent City,1,0,0,0,0,0,0,0,0,1,"6,529"
,,Daly City,0,0,1,0,0,0,0,0,1,0,"107,355"
,,Davis,4,3,0,0,0,0,2,4,0,1,"68,540"
,,Desert Hot Springs,1,0,0,0,0,0,1,0,0,0,"28,717"
,,Duarte,2,0,0,0,0,0,2,0,0,0,"21,877"
,,Dublin,1,0,0,0,0,0,0,1,0,0,"62,235"
,,East Palo Alto,0,1,0,0,0,0,0,0,0,1,"29,933"
,,El Cajon,4,0,2,0,0,0,0,2,3,1,"104,447"
,,Elk Grove,4,0,0,0,0,0,0,1,2,1,"172,620"
,,El Monte,2,0,1,0,0,0,1,1,0,1,"116,168"
,,El Segundo,1,0,0,0,0,0,0,0,1,0,"16,932"
,,Escondido,5,0,0,0,0,0,3,0,1,1,"152,845"
,,Fairfield,3,0,0,0,0,0,0,1,1,1,"116,372"
,,Fontana,0,2,1,0,0,0,1,1,1,0,"211,782"
,,Fort Bragg,2,1,0,0,0,0,1,1,0,1,"7,289"
,,Foster City,0,1,0,0,0,0,1,0,0,0,"34,808"
,,Fremont,1,1,0,0,0,0,0,1,1,0,"236,368"
,,Fresno,7,1,4,0,0,1,1,3,6,3,"526,371"
,,Garden Grove,7,0,0,0,0,1,3,0,4,1,"175,466"
,,Glendora,1,0,0,0,0,0,0,0,0,1,"52,133"
,,Goleta,1,0,0,0,0,0,1,0,0,0,"31,000"
,,Gonzales,1,0,0,0,0,0,1,0,0,0,"8,508"
,,Hayward,3,1,0,0,0,0,2,1,0,1,"161,417"
,,Hesperia,3,0,0,0,0,0,2,0,0,1,"94,292"
,,Highland,1,0,0,0,0,0,1,0,0,0,"55,229"
,,Hollister,1,0,0,0,0,0,0,0,1,0,"38,310"
,,Huntington Beach,2,0,0,0,0,0,0,0,1,1,"202,244"
,,Huntington Park,1,1,0,0,0,0,1,1,0,0,"59,004"
,,Indio,1,0,0,0,0,0,0,0,1,0,"90,055"
,,Inglewood,2,0,0,0,0,0,0,1,0,1,"110,811"
,,Irvine,4,0,0,0,0,0,1,0,0,3,"276,115"
,,La Canada Flintridge,0,0,0,0,3,0,0,0,3,0,"20,480"
,,Laguna Beach,2,0,0,0,0,0,1,0,1,0,"23,261"
,,La Habra,1,0,0,0,0,0,1,0,0,0,"61,878"
,,Lake Elsinore,0,1,0,0,0,0,0,0,1,0,"66,136"
,,Lakeport,0,0,1,0,0,0,0,1,0,0,"4,775"
,,Lakewood,7,0,0,0,0,0,1,1,4,1,"81,317"
,,La Mesa,1,0,1,0,0,0,0,0,2,0,"60,425"
,,Lancaster,5,0,2,0,0,0,2,2,2,1,"160,653"
,,Lemon Grove,1,0,0,0,0,0,0,0,0,1,"27,113"
,,Livermore,2,0,0,0,0,0,0,0,2,0,"90,485"
,,Lodi,1,0,0,0,0,0,0,0,1,0,"65,042"
,,Loma Linda,1,0,0,0,0,0,1,0,0,0,"24,265"
,,Lomita,1,0,0,0,0,0,0,0,0,1,"20,764"
,,Long Beach,8,3,6,0,0,0,7,3,5,2,"471,397"
,,Los Angeles,126,43,82,0,1,11,65,72,70,56,"4,007,147"
,,Los Gatos,0,1,0,0,0,0,1,0,0,0,"30,720"
,,Malibu,2,0,0,0,0,0,1,0,1,0,"12,918"
,,Manhattan Beach,0,0,1,0,0,0,0,0,0,1,"35,843"
,,Manteca,2,2,0,0,0,0,1,0,3,0,"78,564"
,,Martinez,2,4,0,1,0,0,0,2,5,0,"38,619"
,,Marysville,3,0,0,0,0,0,0,0,3,0,"12,275"
,,Menifee,1,0,0,0,0,0,0,0,0,1,"90,403"
,,Merced,1,0,0,0,0,0,0,0,0,1,"83,180"
,,Modesto,6,1,3,0,0,0,6,1,2,1,"213,677"
,,Monterey,1,0,1,0,0,0,0,0,2,0,"28,584"
,,Monterey Park,3,1,0,0,0,0,1,0,1,2,"61,210"
,,Moreno Valley,1,0,2,0,0,0,1,0,1,1,"207,418"
,,Murrieta,1,0,0,0,0,0,0,1,0,0,"113,016"
,,National City,1,0,0,0,0,0,1,0,0,0,"61,574"
,,Newark,2,1,0,0,0,0,0,2,1,0,"46,360"
,,Newport Beach,1,0,0,0,0,0,0,0,0,1,"86,910"
,,Norco,0,1,0,0,0,0,0,1,0,0,"26,654"
,,Norwalk,1,0,1,0,0,0,0,0,1,1,"106,278"
,,Novato,2,0,0,0,0,0,1,0,1,0,"56,698"
,,Oakland,9,7,2,0,0,0,8,4,4,2,"424,915"
,,Oceanside,4,1,1,0,0,0,1,1,3,1,"176,815"
,,Ontario,1,0,0,1,0,0,1,1,0,0,"174,724"
,,Orange,1,0,0,0,0,0,0,0,,1,"141,130"
,,Orland,1,0,0,0,0,0,0,1,0,0,"7,624"
,,Oxnard,2,4,1,0,0,0,0,2,5,0,"209,513"
,,Pacifica,1,0,1,0,0,0,1,0,1,0,"39,353"
,,Pacific Grove,0,1,0,0,0,0,0,1,0,0,"15,716"
,,Palmdale,3,0,0,0,0,0,2,1,0,0,"158,094"
,,Palm Springs,0,0,3,0,0,0,1,1,0,1,"48,193"
,,Palo Alto,2,3,0,0,0,0,4,0,1,0,"67,441"
,,Paradise,1,0,0,0,0,0,0,0,1,0,"26,610"
,,Pasadena,1,1,0,0,0,1,0,1,2,0,"142,891"
,,Petaluma,5,1,2,0,0,0,5,1,1,1,"60,957"
,,Pico Rivera,0,0,2,0,0,1,2,0,1,0,"63,746"
,,Piedmont,1,1,0,0,0,0,0,0,2,0,"11,464"
,,Placentia,1,0,0,0,0,0,0,1,0,0,"52,437"
,,Pleasant Hill,0,1,0,0,0,0,1,0,0,0,"35,136"
,,Pomona,1,1,1,0,0,0,0,2,1,0,"153,066"
,,Rancho Cordova,2,0,0,0,0,0,0,1,0,1,"73,607"
,,Red Bluff,0,0,1,0,0,0,0,0,0,1,"14,169"
,,Redding,11,0,4,0,0,0,4,3,5,3,"92,127"
,,Redlands,1,1,0,0,0,0,0,0,2,0,"71,707"
,,Redwood City,2,0,0,0,0,0,0,0,2,0,"86,353"
,,Reedley,0,1,0,0,0,0,0,0,0,1,"25,794"
,,Rialto,1,0,0,0,0,0,1,0,0,0,"103,980"
,,Richmond,3,0,2,0,0,0,1,0,2,2,"110,804"
,,Riverside,4,4,0,0,0,0,3,3,1,1,"328,023"
,,Roseville,12,6,1,0,0,0,7,6,5,1,"135,028"
,,Sacramento,2,2,0,0,0,1,1,2,1,1,"499,997"
,,Salinas,0,0,1,0,0,0,0,0,1,0,"158,313"
,,San Bernardino,4,0,4,0,0,0,4,2,2,0,"217,259"
,,San Clemente,1,0,0,0,0,0,0,1,0,0,"65,596"
,,San Diego,17,12,11,0,0,1,17,14,7,3,"1,424,116"
,,San Fernando,0,1,0,0,0,0,1,0,0,0,"24,899"
,,San Francisco,19,8,12,0,0,4,10,6,13,14,"881,255"
,,San Gabriel,1,1,0,0,0,0,1,0,0,1,"40,531"
,,San Jacinto,1,0,0,0,0,0,0,1,0,0,"47,932"
,,San Jose,26,11,7,0,0,1,10,8,16,11,"1,037,529"
,,San Leandro,6,0,3,1,0,0,3,5,1,1,"91,386"
,,San Luis Obispo,2,2,1,0,0,0,0,3,1,1,"47,934"
,,San Marcos,1,1,0,0,0,0,1,0,1,0,"97,290"
,,San Mateo,2,0,0,0,0,0,1,1,0,0,"105,090"
,,San Rafael,3,0,0,0,0,0,1,2,0,0,"59,144"
,,San Ramon,2,1,0,0,0,0,1,1,0,1,"76,325"
,,Santa Ana,1,2,0,0,0,0,0,1,1,1,"335,699"
,,Santa Clara,1,0,0,0,0,0,0,0,1,0,"127,538"
,,Santa Clarita,5,5,3,0,0,0,1,6,5,1,"216,350"
,,Santa Cruz,5,1,3,0,0,0,2,3,2,2,"65,132"
,,Santa Monica,2,0,1,0,0,0,0,0,2,1,"92,935"
,,Santa Rosa,1,0,1,0,0,0,0,1,1,0,"176,361"
,,Santee,1,0,0,0,0,0,0,1,0,0,"58,563"
,,Simi Valley,0,2,1,0,0,0,1,0,2,0,"126,635"
,,South Gate,1,0,0,0,0,0,1,0,0,0,"95,717"
,,South Lake Tahoe,1,0,4,0,0,0,4,1,0,0,"21,768"
,,South San Francisco,1,0,1,0,0,0,0,0,0,2,"67,533"
,,St. Helena,2,0,0,0,0,0,0,1,1,0,"6,210"
,,Stockton,2,3,1,0,0,0,3,0,2,1,"309,566"
,,Sunnyvale,1,0,0,0,0,1,1,1,0,0,"154,919"
,,Taft,1,0,0,0,0,0,0,0,0,1,"9,393"
,,Thousand Oaks,0,1,0,0,0,0,0,1,0,0,"129,240"
,,Torrance,4,0,1,0,0,0,2,2,0,1,"147,482"
,,Turlock,3,0,0,0,0,0,0,0,2,1,"73,488"
,,Tustin,1,0,0,0,0,0,0,0,0,1,"81,246"
,,Union City,2,0,0,0,0,0,0,0,0,2,"76,311"
,,Vacaville,2,2,0,0,0,0,2,1,0,1,"99,293"
,,Ventura,4,0,0,0,0,0,2,0,1,1,"110,006"
,,Vernon,0,1,0,0,0,0,0,0,1,0,113
,,Victorville,1,0,1,0,0,0,0,1,1,0,"123,284"
,,Visalia,1,0,0,0,0,0,1,0,0,0,"132,143"
,,Vista,4,1,1,0,0,0,0,3,2,1,"103,004"
,,Walnut,1,0,0,0,0,0,0,1,0,0,"30,189"
,,West Covina,0,3,0,0,0,0,3,0,0,0,"108,128"
,,West Hollywood,5,0,4,0,0,0,4,1,2,2,"37,093"
,,Westminster,2,2,0,0,0,0,0,2,2,0,"91,863"
,,Wildomar,1,0,0,0,0,0,0,1,0,0,"36,683"
,,Windsor,0,0,1,0,0,0,1,0,0,0,"27,679"
,,Yorba Linda,0,1,0,0,0,0,0,0,1,0,"68,889"
,,Yucca Valley,1,0,0,0,0,0,0,0,0,1,"21,806"
,Universities and Colleges,,19,7,6,0,0,0,,,,,
,,California State University:,,,,,,,,,,,
,,Dominguez Hills,2,0,0,0,0,0,0,1,1,0,"14,731"
,,Long Beach,1,2,0,0,0,0,1,1,1,0,"37,776"
,,Monterey Bay,1,0,1,0,0,0,0,1,0,1,"7,274"
,,San Bernardino,1,0,0,0,0,0,1,0,0,0,"20,767"
,,Riverside Community College,2,0,0,0,0,0,0,0,0,2,"38,677"
,,San Diego State University,0,1,0,0,0,0,0,0,0,1,"34,688"
,,San Francisco State University,0,0,1,0,0,0,0,0,1,0,"29,045"
,,State Center Community College District,3,0,0,0,0,0,0,0,0,3,"39,661"
,,University of California:  ,,,,,,,,,,,
,,Berkeley ,3,0,2,0,0,0,3,0,1,1,"40,154"
,,Los Angeles ,3,1,1,0,0,0,1,0,3,1,"43,548"
,,San Diego ,0,0,1,0,0,0,0,0,0,1,"34,979"
,,San Francisco,0,2,0,0,0,0,0,2,0,0,"3,145"
,,Santa Barbara,2,0,0,0,0,0,0,2,0,0,"24,346"
,,"Medical Center, Sacramento3",0,1,0,0,0,0,0,1,0,0,
,,Ventura County Community College District,1,0,0,0,0,0,0,0,1,0,"33,976"
,Metropolitan Counties,,51,12,17,0,0,3,,,,,
,,Alameda,1,0,1,0,0,0,0,1,1,0,
,,Contra Costa,1,0,0,0,0,0,0,0,0,1,
,,El Dorado,2,0,0,0,0,0,0,0,1,1,
,,Fresno,1,0,1,0,0,0,1,0,1,0,
,,Kern,2,0,0,0,0,0,0,1,0,1,
,,Los Angeles,6,5,4,0,0,0,2,5,5,3,
,,Marin,0,1,0,0,0,0,1,0,0,0,
,,Monterey,1,0,0,0,0,0,0,1,0,0,
,,Riverside,1,0,0,0,0,0,0,1,0,0,
,,Sacramento,8,1,1,0,0,1,4,0,4,3,
,,San Bernardino,2,1,0,0,0,0,1,2,0,0,
,,San Diego,7,0,7,0,0,0,3,4,4,3,
,,San Luis Obispo,3,0,0,0,0,0,0,1,1,1,
,,San Mateo,0,1,0,0,0,0,0,0,1,0,
,,Santa Barbara,2,0,2,0,0,0,1,3,0,0,
,,Santa Clara,1,0,0,0,0,2,1,1,0,1,
,,Santa Cruz,1,1,0,0,0,0,0,0,2,0,
,,Solano,1,0,0,0,0,0,0,0,0,1,
,,Sonoma,4,0,1,0,0,0,2,2,1,0,
,,Stanislaus,1,0,0,0,0,0,0,0,1,0,
,,Sutter,0,1,0,0,0,0,0,0,0,1,
,,Ventura,2,1,0,0,0,0,0,0,2,1,
,,Yuba,4,0,0,0,0,0,3,1,0,0,
,Nonmetropolitan Counties,,3,1,2,0,0,0,,,,,
,,Calaveras,1,0,0,0,0,0,0,0,0,1,
,,Lake,0,1,1,0,0,0,0,0,0,2,
,,Mendocino,1,0,0,0,0,0,1,0,0,0,
,,Nevada,0,0,1,0,0,0,0,1,0,0,
,,Plumas,1,0,0,0,0,0,0,0,1,0,
,Other Agencies,,6,0,6,0,0,0,,,,,
,,Department of Parks and Recreation:,,,,,,,,,,,
,,Marin County,1,0,0,0,0,0,0,0,1,0,
,,Oceano Dunes,0,0,1,0,0,0,0,1,0,0,
,,Los Angeles Transportation Services Bureau,3,0,3,0,0,0,2,3,1,0,
,,Port of San Diego Harbor,0,0,1,0,0,0,0,0,0,1,
,,San Francisco Bay Area Rapid Transit:  ,,,,,,,,,,,
,,Alameda County,1,0,0,0,0,0,0,0,0,1,
,,San Francisco County,1,0,1,0,0,0,1,0,1,0,
Colorado,Total,,61,26,18,1,1,1,,,,,
,Cities,,49,16,13,1,1,1,,,,,
,,Arvada,1,0,1,0,0,0,2,0,0,0,"119,346"
,,Aspen,1,0,0,0,0,0,0,1,0,0,"6,906"
,,Aurora,14,3,1,0,0,0,8,7,2,1,"368,018"
,,Boulder,2,1,0,0,0,0,2,1,0,0,"109,722"
,,Brighton,0,0,1,0,0,0,0,0,1,0,"39,099"
,,Broomfield,1,0,0,0,0,0,1,0,0,0,"68,158"
,,Canon City,0,1,0,0,0,0,1,0,0,0,"16,723"
,,Castle Rock,2,0,0,0,0,0,0,1,0,1,"59,337"
,,Centennial,2,0,0,0,0,0,1,0,1,0,"111,416"
,,Colorado Springs,0,1,0,0,0,0,0,0,1,0,"472,958"
,,Delta2,0,0,0,1,1,0,0,0,0,1,"8,925"
,,Denver,9,2,6,0,0,0,4,7,1,5,"706,616"
,,Durango,0,1,0,0,0,0,0,0,1,0,"18,801"
,,Englewood,2,0,0,0,0,0,0,1,1,0,"34,709"
,,Fruita,0,0,1,0,0,0,1,0,0,0,"12,971"
,,Golden,1,0,0,0,0,0,0,0,0,1,"20,948"
,,Grand Junction,0,1,1,0,0,0,1,1,0,0,"62,352"
,,Greeley,3,0,0,0,0,0,1,0,1,1,"105,906"
,,Idaho Springs,1,0,0,0,0,0,0,0,0,1,"1,751"
,,Lafayette,0,1,0,0,0,0,0,0,1,0,"28,939"
,,Lakewood,3,0,1,0,0,0,3,1,0,0,"156,344"
,,Littleton,0,3,0,0,0,0,1,2,0,0,"47,112"
,,Longmont2,1,0,0,0,0,1,0,0,1,0,"93,979"
,,Loveland,1,0,1,0,0,0,0,1,1,0,"78,671"
,,Monument,1,0,0,0,0,0,1,0,0,0,"6,644"
,,Northglenn,0,1,0,0,0,0,0,1,0,0,"39,520"
,,Pueblo,2,0,0,0,0,0,0,0,1,1,"110,872"
,,Steamboat Springs,0,1,0,0,0,0,1,0,0,0,"12,799"
,,Trinidad,1,0,0,0,0,0,0,0,0,1,"7,961"
,,Windsor,1,0,0,0,0,0,0,0,0,1,"23,523"
,Universities and Colleges,,3,1,0,0,0,0,,,,,
,,"Colorado State University, Fort Collins",3,0,0,0,0,0,0,0,0,3,"31,856"
,,"University of Colorado, Boulder",0,1,0,0,0,0,1,0,0,0,"33,977"
,Metropolitan Counties,,9,8,3,0,0,0,,,,,
,,Adams,1,0,0,0,0,0,0,0,0,1,
,,Arapahoe,3,3,0,0,0,0,2,2,1,1,
,,Boulder,0,3,0,0,0,0,3,0,0,0,
,,Douglas,1,0,0,0,0,0,1,0,0,0,
,,El Paso,2,0,1,0,0,0,1,0,1,1,
,,Jefferson,1,1,1,0,0,0,1,0,1,1,
,,Larimer,0,1,0,0,0,0,0,1,0,0,
,,Mesa,1,0,1,0,0,0,0,0,0,2,
,Nonmetropolitan Counties,,0,1,2,0,0,0,,,,,
,,Garfield,0,0,1,0,0,0,0,0,0,1,
,,Huerfano,0,1,0,0,0,0,0,1,0,0,
,,Routt,0,0,1,0,0,0,0,0,1,0,
Connecticut,Total,,66,23,22,0,0,1,,,,,
,Cities,,60,23,19,0,0,1,,,,,
,,Avon,1,0,0,0,0,0,1,0,0,0,"18,397"
,,Berlin,1,2,0,0,0,0,1,1,0,1,"20,601"
,,Bethel,3,0,0,0,0,0,0,0,0,3,"19,796"
,,Bloomfield,0,0,2,0,0,0,0,2,0,0,"20,667"
,,Bridgeport2,5,0,2,0,0,0,1,1,1,3,"146,110"
,,Brookfield,1,0,0,0,0,0,1,0,0,0,"17,203"
,,Cheshire,0,0,2,0,0,0,1,0,0,1,"29,282"
,,Clinton,1,0,0,0,0,0,0,0,1,0,"12,915"
,,Danbury,4,0,1,0,0,0,2,2,1,0,"85,614"
,,Darien,1,0,0,0,0,0,0,1,0,0,"21,910"
,,East Haven,1,0,0,0,0,0,0,1,0,0,"28,739"
,,East Windsor,1,0,0,0,0,0,0,1,0,0,"11,383"
,,Enfield,1,0,0,0,0,0,1,0,0,0,"44,321"
,,Groton,1,0,0,0,0,0,0,1,0,0,"9,093"
,,Groton Town,1,0,0,0,0,0,1,0,0,0,"29,524"
,,Guilford,0,0,1,0,0,0,0,0,1,0,"22,259"
,,Hartford,2,1,1,0,0,0,1,1,0,2,"122,891"
,,Manchester,2,0,2,0,0,0,1,2,1,0,"57,808"
,,Meriden,0,0,1,0,0,0,0,1,0,0,"59,417"
,,Middletown,5,2,1,0,0,0,2,1,3,2,"46,363"
,,New Britain,0,1,0,0,0,0,0,1,0,0,"72,442"
,,New Haven,4,2,3,0,0,1,0,4,4,2,"129,953"
,,New London,0,0,1,0,0,0,0,1,0,0,"26,880"
,,New Milford,1,0,0,0,0,0,0,0,1,0,"26,993"
,,North Branford,0,1,0,0,0,0,0,0,1,0,"14,163"
,,North Haven,0,0,1,0,0,0,0,0,0,1,"23,646"
,,Norwich,0,1,0,0,0,0,0,0,1,0,"39,393"
,,Old Saybrook,3,0,0,0,0,0,1,0,2,0,"10,070"
,,Orange,2,1,0,0,0,0,0,1,1,1,"13,904"
,,Rocky Hill,2,0,0,0,0,0,0,1,1,0,"20,189"
,,Southington,1,0,0,0,0,0,0,1,0,0,"43,769"
,,Stamford,3,3,0,0,0,0,1,0,3,2,"130,189"
,,Torrington,4,1,0,0,0,0,2,2,0,1,"34,372"
,,Trumbull,4,4,1,0,0,0,4,2,1,2,"36,265"
,,Waterbury,0,1,0,0,0,0,0,0,1,0,"107,924"
,,West Hartford,1,0,0,0,0,0,0,0,0,1,"62,812"
,,Westport,1,0,0,0,0,0,0,0,1,0,"28,079"
,,Willimantic,1,0,0,0,0,0,0,0,1,0,"17,768"
,,Wilton,1,2,0,0,0,0,0,0,2,1,"18,643"
,,Windsor,1,0,0,0,0,0,0,1,0,0,"28,836"
,,Woodbridge,0,1,0,0,0,0,0,1,0,0,"8,816"
,Universities and Colleges,,3,0,0,0,0,0,,,,,
,,Yale University,3,0,0,0,0,0,1,0,2,0,"12,458"
,State Police Agencies,,2,0,3,0,0,0,,,,,
,,Connecticut State Police,2,0,3,0,0,0,0,1,0,4,
,Tribal Agencies,,1,0,0,0,0,0,,,,,
,,Mohegan Tribal,1,0,0,0,0,0,0,1,0,0,
Delaware,Total,,14,8,6,0,0,1,,,,,
,Cities,,2,0,4,0,0,1,,,,,
,,Dewey Beach,0,0,1,0,0,0,0,1,0,0,386
,,New Castle,0,0,1,0,0,0,1,0,0,0,"5,362"
,,Rehoboth Beach,1,0,1,0,0,1,0,0,3,0,"1,516"
,,Wilmington,1,0,1,0,0,0,0,0,0,2,"71,552"
,Universities and Colleges,,4,1,1,0,0,0,,,,,
,,University of Delaware,4,1,1,0,0,0,3,0,1,2,"23,009"
,Metropolitan Counties,,2,4,0,0,0,0,,,,,
,,New Castle County Police Department,2,4,0,0,0,0,4,0,0,2,
,State Police Agencies,,4,2,0,0,0,0,,,,,
,,State Police:,,,,,,,,,,,
,,Kent County,2,1,0,0,0,0,0,2,1,0,
,,New Castle County,2,1,0,0,0,0,1,1,1,0,
,Other Agencies,,2,1,1,0,0,0,,,,,
,,Fish and Wildlife,1,0,0,0,0,0,0,0,1,0,
,,River and Bay Authority,1,0,0,0,0,0,0,0,1,0,
,,State Capitol Police,0,1,1,0,0,0,1,0,1,0,
District of Columbia,Total,,108,14,57,1,0,13,,,,,
,Cities,,87,12,56,1,0,13,,,,,
,,Washington,87,12,56,1,0,13,27,40,45,57,"693,972"
,Other Agencies,,21,2,1,0,0,0,,,,,
,,Metro Transit Police,21,2,1,0,0,0,6,8,3,7,
Florida,Total,,70,43,32,0,0,0,,,,,
,Cities,,42,33,26,0,0,0,,,,,
,,Boca Raton,0,1,0,0,0,0,0,0,0,1,"98,069"
,,Clearwater,1,0,0,0,0,0,1,0,0,0,"115,295"
,,Cooper City,0,1,0,0,0,0,0,0,0,1,"36,694"
,,Coral Gables,1,0,0,0,0,0,0,0,0,1,"51,487"
,,Davie,4,3,0,0,0,0,3,1,1,2,"103,555"
,,Deerfield Beach,2,0,0,0,0,0,0,1,0,1,"80,552"
,,Delray Beach,0,1,0,0,0,0,1,0,0,0,"68,533"
,,Fort Lauderdale,2,2,2,0,0,0,0,2,3,1,"180,972"
,,Fort Myers,1,1,1,0,0,0,1,1,0,1,"79,918"
,,Gainesville,0,1,0,0,0,0,0,0,1,0,"132,777"
,,Hollywood,0,0,1,0,0,0,1,0,0,0,"153,893"
,,Homestead,1,1,2,0,0,0,0,1,,3,"69,276"
,,Jacksonville,3,2,1,0,0,0,1,0,2,3,"894,638"
,,Key Biscayne,0,0,1,0,0,0,1,0,0,0,"13,127"
,,Key West,0,0,1,0,0,0,1,0,0,0,"27,399"
,,Lake City,1,0,0,0,0,0,1,0,0,0,"12,326"
,,Largo,1,2,0,0,0,0,2,0,1,,"83,728"
,,Lauderdale-by-the-Sea,1,0,0,0,0,0,,,1,,"6,589"
,,Leesburg,1,0,0,0,0,0,1,0,0,0,"22,763"
,,Mangonia Park,0,0,1,0,0,0,0,0,0,1,"2,009"
,,Miami Beach,0,7,9,0,0,0,8,6,1,1,"92,571"
,,Miami Gardens,0,2,0,0,0,0,2,0,0,0,"114,008"
,,New Port Richey,1,0,0,0,0,0,0,0,1,0,"16,388"
,,North Miami,1,0,0,0,0,0,1,0,0,0,"62,543"
,,Oakland Park,2,1,1,0,0,0,1,1,1,1,"44,814"
,,Ocala,0,0,1,0,0,0,1,0,0,0,"59,731"
,,Orlando,2,0,3,0,0,0,1,2,1,1,"283,982"
,,Palm Bay,1,0,1,0,0,0,0,1,1,0,"111,275"
,,Pompano Beach,2,1,0,0,0,0,0,0,1,2,"111,027"
,,Port St. Lucie,0,0,1,0,0,0,0,1,0,0,"188,652"
,,Rockledge,1,0,0,0,0,0,1,0,0,0,"27,432"
,,St. Augustine,1,0,0,0,0,0,0,1,0,0,"14,500"
,,Sunrise,1,1,0,0,0,0,0,0,0,2,"95,342"
,,Tampa,3,0,0,0,0,0,2,0,0,1,"384,360"
,,Titusville,5,0,0,0,0,0,0,0,5,0,"46,425"
,,Weston,1,2,0,0,0,0,0,0,1,2,"70,796"
,,West Palm Beach,2,0,0,0,0,0,1,1,0,0,"109,459"
,,Wilton Manors,0,3,0,0,0,0,0,1,2,0,"12,861"
,,Winter Park,0,1,0,0,0,0,0,1,0,0,"30,602"
,Universities and Colleges,,1,2,1,0,0,0,,,,,
,,Florida Gulf Coast University,0,1,0,0,0,0,0,0,0,1,"14,821"
,,Tallahassee Community College,0,1,0,0,0,0,0,0,1,0,"12,200"
,,"University of South Florida, Tampa",1,0,0,0,0,0,1,0,0,0,"42,861"
,,University of West Florida,0,0,1,0,0,0,0,0,0,1,"12,966"
,Metropolitan Counties,,25,8,5,0,0,0,,,,,
,,Alachua,1,0,0,0,0,0,0,0,1,0,
,,Broward,1,0,0,0,0,0,1,0,0,0,
,,Charlotte,1,0,0,0,0,0,0,1,0,0,
,,Clay,1,1,0,0,0,0,0,0,0,2,
,,Collier,0,1,0,0,0,0,0,0,0,1,
,,Hillsborough,0,1,0,0,0,0,0,1,0,0,
,,Lake,1,0,0,0,0,0,1,0,0,0,
,,Lee,4,1,1,0,0,0,2,3,0,1,
,,Leon,1,0,0,0,0,0,1,0,0,0,
,,Martin,1,0,0,0,0,0,0,1,0,0,
,,Miami-Dade,0,0,1,0,0,0,0,0,0,1,
,,Okaloosa,1,0,0,0,0,0,0,1,,,
,,Orange,2,0,0,0,0,0,2,0,0,0,
,,Osceola,2,1,1,0,0,0,2,0,1,1,
,,Palm Beach,1,1,0,0,0,0,1,1,0,0,
,,Pasco,3,0,0,0,0,0,0,0,3,0,
,,Pinellas,0,1,0,0,0,0,1,0,0,0,
,,Santa Rosa,0,0,1,0,0,0,1,0,0,0,
,,Sarasota,0,1,0,0,0,0,0,0,1,0,
,,Seminole,1,0,1,0,0,0,0,0,1,1,
,,St. Johns,3,0,0,0,0,0,1,2,0,0,
,,Volusia,1,0,0,0,0,0,1,0,0,0,
,Nonmetropolitan Counties,,2,0,0,0,0,0,,,,,
,,Hendry,1,0,0,0,0,0,1,0,0,0,
,,Monroe,1,0,0,0,0,0,1,0,0,0,
Georgia,Total,,19,5,4,0,0,0,,,,,
,Cities,,5,1,3,0,0,0,,,,,
,,Atlanta,0,1,2,0,0,0,2,1,0,0,"481,343"
,,Columbus,3,0,1,0,0,0,1,2,1,,"198,832"
,,Warner Robins,1,0,0,0,0,0,1,0,0,0,"75,323"
,,Woodstock,1,0,0,0,0,0,0,1,0,0,"32,293"
,Universities and Colleges,,2,0,0,0,0,0,,,,,
,,University of Georgia,2,0,0,0,0,0,1,0,1,0,"36,574"
,Metropolitan Counties,,12,4,1,0,0,0,,,,,
,,Cobb County Police Department,9,2,1,0,0,0,1,5,3,3,
,,Forsyth,1,0,0,0,0,0,1,0,0,0,
,,Gwinnett County Police Department2,2,2,0,0,0,0,1,2,0,0,
Idaho,Total,,30,17,4,2,0,0,,,,,
,Cities,,24,15,4,2,0,0,,,,,
,,Boise,7,6,2,0,0,0,1,5,6,3,"225,677"
,,Bonners Ferry,0,1,0,0,0,0,0,0,1,0,"2,574"
,,Caldwell,2,0,0,0,0,0,1,1,0,0,"54,345"
,,Coeur d'Alene,2,0,0,0,0,0,0,1,1,0,"51,364"
,,Heyburn,0,1,0,0,0,0,1,0,0,0,"3,306"
,,Kimberly,2,0,0,0,0,0,0,0,1,1,"3,812"
,,Lewiston,3,0,0,0,0,0,0,1,1,1,"33,029"
,,Middleton,1,0,0,0,0,0,0,0,1,0,"7,486"
,,Moscow,1,0,0,0,0,0,0,1,0,0,"25,576"
,,Mountain Home,2,0,0,0,0,0,0,1,0,1,"13,772"
,,Nampa,2,1,1,0,0,0,2,1,1,0,"93,064"
,,Pocatello,0,1,0,0,0,0,1,0,0,0,"54,814"
,,Preston,0,3,0,0,0,0,1,1,1,0,"5,372"
,,Soda Springs,1,0,0,0,0,0,0,0,0,1,"2,970"
,,Spirit Lake,1,0,0,0,0,0,0,0,0,1,"2,207"
,,Twin Falls,0,2,1,2,0,0,0,1,0,4,"48,912"
,Metropolitan Counties,,0,1,0,0,0,0,,,,,
,,Kootenai,0,1,0,0,0,0,0,0,1,0,
,Nonmetropolitan Counties,,5,0,0,0,0,0,,,,,
,,Cassia,3,0,0,0,0,0,1,0,2,0,
,,Idaho,1,0,0,0,0,0,0,0,1,0,
,,Teton,1,0,0,0,0,0,0,0,1,0,
,State Police Agencies,,1,1,0,0,0,0,,,,,
,,Idaho State Police,1,1,0,0,0,0,0,1,1,0,
Illinois,Total,,39,27,14,1,0,1,,,,,
,Cities,,37,23,14,1,0,1,,,,,
,,Aurora,2,0,0,0,0,0,1,1,0,0,"201,599"
,,Berwyn,1,1,1,0,0,0,1,0,1,1,"55,594"
,,Bloomington,1,0,0,0,0,0,0,1,0,0,"78,203"
,,Chicago,16,17,7,0,0,1,18,5,10,8,"2,706,171"
,,Decatur,1,0,0,0,0,0,0,0,1,0,"72,153"
,,De Kalb,0,1,0,0,0,0,0,0,0,1,"43,043"
,,East Peoria,1,0,0,0,0,0,1,0,0,0,"22,856"
,,Forest Park,0,0,1,0,0,0,0,0,1,0,"13,950"
,,Fox Lake,1,0,0,0,0,0,0,1,0,0,"10,432"
,,Fox River Grove,1,0,0,0,0,0,0,0,0,1,"4,628"
,,Homewood,2,0,0,0,0,0,0,1,1,0,"19,150"
,,Manhattan,1,0,0,0,0,0,0,0,0,1,"7,625"
,,Mount Prospect,0,2,0,0,0,0,0,0,2,0,"54,162"
,,New Lenox,0,0,0,1,0,0,1,0,0,0,"26,529"
,,Oak Park,1,0,0,0,0,0,0,0,1,0,"51,753"
,,Pekin,1,0,0,0,0,0,0,0,0,1,"32,866"
,,Peoria,0,0,1,0,0,0,0,1,0,0,"114,157"
,,Plainfield,0,1,0,0,0,0,0,0,1,0,"43,450"
,,Pontiac,1,0,0,0,0,0,0,1,0,0,"11,813"
,,Rockford,2,0,2,0,0,0,0,2,1,1,"146,770"
,,Sandoval,1,0,0,0,0,0,0,0,1,0,"1,211"
,,Skokie,1,0,0,0,0,0,0,1,0,0,"64,167"
,,Springfield,2,0,1,0,0,0,0,0,3,0,"115,568"
,,Urbana,1,0,0,0,0,0,0,1,0,0,"42,091"
,,West Chicago,0,0,1,0,0,0,0,0,1,0,"27,219"
,,Wheaton,0,1,0,0,0,0,0,1,0,0,"53,444"
,Universities and Colleges,,0,1,0,0,0,0,,,,,
,,Illinois State University,0,1,0,0,0,0,0,0,0,1,"21,039"
,Metropolitan Counties,,2,3,0,0,0,0,,,,,
,,Lake,0,1,0,0,0,0,1,0,0,0,
,,Macon,1,0,0,0,0,0,0,0,1,0,
,,Peoria,1,0,0,0,0,0,0,0,0,1,
,,Will,0,1,0,0,0,0,0,1,0,0,
,,Winnebago,0,1,0,0,0,0,0,0,0,1,
Indiana,Total,,32,13,9,1,0,0,,,,,
,Cities,,27,4,7,0,0,0,,,,,
,,Bloomington,6,2,2,0,0,0,1,4,3,2,"85,121"
,,Fishers,2,0,0,0,0,0,0,0,1,1,"92,367"
,,Fort Wayne,2,0,2,0,0,0,0,2,1,1,"266,259"
,,Hammond,2,0,1,0,0,0,,,2,1,"76,550"
,,Lafayette,8,0,1,0,0,0,2,5,,2,"72,274"
,,Lawrence,2,1,0,0,0,0,0,1,2,0,"48,174"
,,Michigan City,1,0,0,0,0,0,0,0,0,1,"31,108"
,,Plainfield,1,0,1,0,0,0,1,1,0,0,"32,067"
,,South Bend,3,0,0,0,0,0,2,,0,1,"101,857"
,,Whitestown,0,1,0,0,0,0,0,0,1,0,"7,464"
,Universities and Colleges,,1,0,0,0,0,0,,,,,
,,Purdue University,1,0,0,0,0,0,1,,,,"41,513"
,Metropolitan Counties,,2,0,0,0,0,0,,,,,
,,Vigo,2,0,0,0,0,0,0,0,1,1,
,State Police Agencies,,2,9,2,1,0,0,,,,,
,,State Police:,,,,,,,,,,,
,,Crawford County,0,1,0,0,0,0,1,0,0,0,
,,Floyd County,0,1,0,0,0,0,0,0,0,1,
,,Marion County,1,2,1,1,0,0,1,1,3,0,
,,Miami County,0,1,0,0,0,0,0,0,1,0,
,,Monroe County,0,1,0,0,0,0,0,0,0,1,
,,Posey County,0,1,0,0,0,0,0,0,0,1,
,,Scott County,0,2,0,0,0,0,0,0,1,1,
,,Vanderburgh County,1,0,0,0,0,0,0,0,0,1,
,,Washington County,0,0,1,0,0,0,1,0,0,0,
Iowa,Total,,9,1,1,0,0,0,,,,,
,Cities,,9,1,1,0,0,0,,,,,
,,Altoona,1,0,0,0,0,0,1,0,0,0,"18,556"
,,Ames,1,0,0,0,0,0,0,0,1,0,"67,461"
,,Clinton,1,0,0,0,0,0,0,1,0,0,"25,532"
,,Dubuque,1,0,0,0,0,0,0,1,0,0,"58,674"
,,Iowa City,3,0,0,0,0,0,2,0,1,0,"75,519"
,,Marshalltown,0,1,0,0,0,0,1,0,0,0,"27,287"
,,Urbandale,1,0,0,0,0,0,0,0,0,1,"43,637"
,,Waukee,1,0,1,0,0,0,1,0,1,0,"20,359"
Kansas,Total,,39,16,11,9,0,0,,,,,
,Cities,,28,11,9,7,0,0,,,,,
,,Arma,0,0,1,0,0,0,0,0,1,0,"1,438"
,,Coffeyville,1,1,0,0,0,0,1,0,0,1,"9,423"
,,Dodge City,1,3,0,1,0,0,1,0,3,1,"27,447"
,,Edwardsville,1,0,0,0,0,0,0,0,1,0,"4,395"
,,El Dorado,0,1,0,0,0,0,0,1,0,0,"13,125"
,,Emporia,1,1,0,0,0,0,2,0,0,0,"24,804"
,,Garden City,2,1,0,0,0,0,0,0,3,0,"26,728"
,,Haven,1,0,0,0,0,0,0,1,0,0,"1,207"
,,Hays,0,1,0,0,0,0,0,1,0,0,"21,110"
,,Haysville,1,0,0,0,0,0,0,1,0,0,"11,314"
,,Herington,0,0,1,0,0,0,1,0,0,0,"2,336"
,,Hutchinson,1,0,0,1,0,0,0,1,0,1,"41,160"
,,Junction City,1,0,0,0,0,0,0,1,0,0,"24,240"
,,Liberal,0,0,0,1,0,0,0,0,0,1,"20,317"
,,Lindsborg,0,0,1,1,0,0,1,0,0,1,"3,319"
,,Mulvane,1,0,0,0,0,0,1,0,0,0,"6,343"
,,Newton,2,0,0,0,0,0,2,0,0,0,"19,095"
,,Norton,1,0,1,1,0,0,3,0,0,0,"2,799"
,,Ottawa,3,1,0,0,0,0,2,1,1,,"12,307"
,,Salina,4,1,2,1,0,0,2,2,2,2,"47,251"
,,Sedgwick,1,0,0,0,0,0,0,0,0,1,"1,695"
,,Shawnee,1,0,0,0,0,0,0,1,0,0,"65,683"
,,Tonganoxie,0,0,0,1,0,0,0,1,0,0,"5,379"
,,Topeka,1,0,0,0,0,0,1,0,0,0,"126,624"
,,Valley Center,2,0,0,0,0,0,0,2,0,0,"7,431"
,,Wichita,2,1,3,0,0,0,2,3,0,1,"391,084"
,Universities and Colleges,,1,0,0,0,0,0,,,,,
,,Kansas State University,1,0,0,0,0,0,1,0,0,0,"23,779"
,Metropolitan Counties,,8,2,1,1,0,0,,,,,
,,Doniphan,0,0,0,1,0,0,0,0,1,0,
,,Johnson,1,0,0,0,0,0,0,0,1,0,
,,Riley County Police Department,3,1,0,0,0,0,0,0,3,1,
,,Sedgwick,2,0,0,0,0,0,0,0,1,1,
,,Shawnee,2,1,1,0,0,0,0,2,0,2,
,Nonmetropolitan Counties,,2,3,1,0,0,0,,,,,
,,Barton,0,1,0,0,0,0,0,0,1,0,
,,Crawford,0,1,1,0,0,0,1,0,1,0,
,,Ford,0,1,0,0,0,0,0,0,0,1,
,,Labette,1,0,0,0,0,0,0,1,0,0,
,,Saline,1,0,0,0,0,0,0,0,0,1,
,State Police Agencies,,0,0,0,1,0,0,,,,,
,,"Highway Patrol, Troop E",0,0,0,1,0,0,0,0,0,1,
Kentucky,Total,,283,38,27,12,16,3,,,,,
,Cities,,186,21,17,6,7,3,,,,,
,,Alexandria,1,2,0,0,0,0,1,2,0,0,"9,486"
,,Ashland,0,0,1,0,0,0,1,0,0,0,"20,927"
,,Barbourville,1,0,0,0,1,0,0,1,0,1,"3,169"
,,Bowling Green,18,2,2,2,1,0,3,4,10,8,"66,317"
,,Cadiz,0,0,1,0,0,0,1,0,0,0,"2,629"
,,Carrollton,2,0,0,0,0,0,1,1,0,0,"3,864"
,,Cold Spring,1,0,0,0,0,0,0,0,0,1,"6,276"
,,Corbin,2,0,0,0,0,0,0,0,0,2,"7,411"
,,Covington,4,1,1,0,0,0,1,2,0,3,"40,845"
,,Cynthiana,1,0,0,0,0,0,0,0,1,0,"6,375"
,,Danville,3,0,0,0,0,0,0,1,1,1,"16,891"
,,Dayton,2,0,0,0,0,0,0,1,0,1,"5,423"
,,Elizabethtown,4,0,0,0,0,0,0,1,2,1,"30,065"
,,Elsmere,1,1,0,0,0,0,2,0,0,0,"8,541"
,,Erlanger,1,0,0,0,1,0,0,0,2,0,"22,947"
,,Falmouth,1,0,0,0,0,0,0,0,1,0,"2,127"
,,Florence,19,1,0,0,1,0,8,6,5,2,"32,866"
,,Fort Mitchell,1,0,0,0,0,0,0,1,0,0,"8,306"
,,Frankfort,5,1,0,0,1,0,1,2,0,4,"27,975"
,,Franklin,3,0,1,0,0,0,0,2,0,2,"8,884"
,,Fulton,0,0,1,0,0,0,0,0,1,0,"2,174"
,,Georgetown,2,0,0,0,0,1,1,1,0,1,"34,184"
,,Glasgow,6,0,0,0,0,0,0,3,1,2,"14,690"
,,Greensburg,1,0,0,0,0,0,0,0,0,1,"2,123"
,,Hillview,1,0,0,0,0,0,0,1,0,0,"8,942"
,,Hopkinsville,2,0,0,0,0,0,1,0,0,1,"31,761"
,,Independence,1,0,0,0,0,0,1,0,0,0,"27,400"
,,Irvine,0,0,0,1,0,0,0,0,0,1,"2,385"
,,La Center,0,0,1,0,0,0,1,0,0,0,982
,,La Grange,1,0,0,0,0,0,0,0,0,1,"8,831"
,,Lawrenceburg,2,0,0,0,0,0,0,1,0,1,"11,211"
,,Leitchfield,1,0,0,0,0,0,0,0,1,0,"6,900"
,,Lexington,20,3,3,0,0,1,7,6,9,5,"322,332"
,,London,1,0,0,0,0,0,0,0,1,0,"8,184"
,,Louisville Metro,11,2,0,1,0,0,5,0,7,2,"684,362"
,,Madisonville,1,1,0,0,0,0,0,1,0,1,"19,316"
,,Mayfield,6,0,1,0,0,0,0,1,3,3,"9,991"
,,Maysville,8,0,0,0,1,0,0,3,3,3,"8,841"
,,Middlesboro,1,0,0,0,0,0,0,0,0,1,"9,534"
,,Morehead,1,0,0,0,0,0,0,0,1,0,"7,915"
,,Mount Sterling,2,0,0,0,0,0,1,0,0,1,"7,298"
,,Mount Washington,1,0,0,0,0,0,0,1,0,0,"14,511"
,,Murray,2,0,1,0,1,0,0,1,3,0,"19,205"
,,Newport,1,0,0,0,0,0,0,1,0,0,"15,202"
,,Nicholasville,4,0,0,0,0,0,1,0,1,2,"30,333"
,,Owensboro,5,1,1,0,0,0,2,0,3,2,"59,576"
,,Paducah,10,2,1,0,0,1,4,5,3,2,"25,169"
,,Paris,2,0,1,0,0,0,1,1,1,0,"9,845"
,,Park Hills,1,0,0,0,0,0,0,0,1,0,"3,001"
,,Princeton,0,1,0,0,0,0,0,0,0,1,"6,084"
,,Providence,1,0,0,0,0,0,1,0,0,0,"3,088"
,,Radcliff,3,0,0,0,0,0,0,1,0,2,"22,473"
,,Richmond,5,0,1,0,0,0,1,2,1,2,"35,161"
,,Russell Springs,1,0,0,0,0,0,0,0,0,1,"2,573"
,,Russellville,0,0,0,1,0,0,0,0,0,1,"7,006"
,,Scottsville,1,0,0,0,0,0,0,1,0,0,"4,446"
,,Shelbyville,2,0,0,1,0,0,0,1,1,1,"15,758"
,,Shively,2,0,0,0,0,0,0,1,0,1,"15,830"
,,St. Matthews,4,1,0,0,0,0,1,2,0,2,"18,163"
,,Versailles,0,1,0,0,0,0,0,1,0,0,"26,320"
,,Villa Hills,1,0,0,0,0,0,1,0,0,0,"7,494"
,,Wilmore,1,0,0,0,0,0,0,0,1,0,"6,380"
,,Winchester,1,0,0,0,0,0,0,1,0,0,"18,478"
,,Worthington,0,1,0,0,0,0,0,0,0,1,"1,565"
,Universities and Colleges,,6,2,4,0,0,0,,,,,
,,Eastern Kentucky University,1,0,4,0,0,0,2,2,0,1,"16,881"
,,Kentucky State University,2,0,0,0,0,0,0,1,1,0,"1,736"
,,University of Kentucky,2,2,0,0,0,0,3,1,0,0,"29,781"
,,Western Kentucky University,1,0,0,0,0,0,0,1,0,0,"20,271"
,Metropolitan Counties,,31,6,2,1,0,0,,,,,
,,Boone,14,1,0,0,0,0,6,3,5,1,
,,Boyd,0,1,0,0,0,0,0,0,0,1,
,,Bullitt,0,0,1,0,0,0,0,0,1,0,
,,Campbell County Police Department2,2,2,1,0,0,0,0,1,2,1,
,,Christian,0,1,0,0,0,0,1,0,0,0,
,,Clark,3,0,0,0,0,0,1,2,0,0,
,,Daviess,1,0,0,0,0,0,0,0,0,1,
,,Grant,0,1,0,0,0,0,0,0,0,1,
,,Greenup,1,0,0,0,0,0,0,0,1,0,
,,Hardin,1,0,0,0,0,0,0,1,0,0,
,,Jessamine,0,0,0,1,0,0,0,0,1,0,
,,Kenton County Police Department,1,0,0,0,0,0,0,0,1,0,
,,Oldham County Police Department,2,0,0,0,0,0,0,2,0,0,
,,Pendleton,1,0,0,0,0,0,0,1,0,0,
,,Shelby,1,0,0,0,0,0,0,1,0,0,
,,Trigg,1,0,0,0,0,0,0,0,0,1,
,,Warren,3,0,0,0,0,0,0,0,0,3,
,Nonmetropolitan Counties,,27,4,3,1,7,0,,,,,
,,Anderson,0,1,0,0,0,0,0,0,1,0,
,,Bell,0,1,0,0,0,0,1,0,0,0,
,,Boyle,2,0,0,0,0,0,2,0,0,0,
,,Breckinridge,1,0,0,0,0,0,0,1,0,0,
,,Floyd,2,0,0,0,0,0,1,1,0,0,
,,Franklin,1,0,0,0,0,0,1,0,0,0,
,,Graves,1,0,0,0,0,0,1,0,0,0,
,,Knott,0,1,0,0,0,0,0,0,0,1,
,,Knox,1,0,0,0,0,0,0,1,0,0,
,,Laurel,1,0,0,0,0,0,0,1,0,0,
,,Lincoln,1,0,0,0,0,0,1,0,0,0,
,,Livingston,2,0,0,0,0,0,0,0,1,1,
,,Madison,0,0,1,0,0,0,1,0,0,0,
,,Marion,1,0,0,0,0,0,0,0,0,1,
,,Martin,1,0,0,0,0,0,1,0,0,0,
,,Mason,1,0,0,0,0,0,0,1,0,0,
,,McCracken,6,0,0,1,7,0,1,7,1,5,
,,Montgomery,2,1,1,0,0,0,0,2,2,0,
,,Ohio,1,0,0,0,0,0,0,0,1,0,
,,Rockcastle,0,0,1,0,0,0,0,0,1,0,
,,Simpson,1,0,0,0,0,0,0,1,0,0,
,,Taylor,1,0,0,0,0,0,0,1,0,0,
,,Wolfe,1,0,0,0,0,0,0,0,0,1,
,State Police Agencies,,22,2,1,3,1,0,,,,,
,,State Police:,,,,,,,,,,,
,,Ashland,0,0,0,1,0,0,0,0,0,1,
,,Bowling Green,1,0,0,0,0,0,0,1,0,0,
,,Campbellsburg,0,1,1,0,0,0,1,0,0,1,
,,Cannabis Suppression Section,2,0,0,0,0,0,0,0,2,0,
,,Dry Ridge,1,0,0,0,0,0,0,1,0,0,
,,Elizabethtown,1,0,0,1,0,0,1,0,0,1,
,,Frankfort,2,0,0,0,0,0,1,0,1,0,
,,Harlan,1,0,0,0,0,0,0,0,1,0,
,,Hazard,3,0,0,0,0,0,1,0,1,1,
,,Henderson,1,0,0,0,0,0,0,0,0,1,
,,London,1,1,0,0,0,0,0,1,0,1,
,,Mayfield,2,0,0,1,1,0,2,1,1,0,
,,Morehead,3,0,0,0,0,0,0,0,0,3,
,,Pikeville,2,0,0,0,0,0,1,0,1,0,
,,Richmond,1,0,0,0,0,0,0,0,0,1,
,,West Drug Enforcement Branch,1,0,0,0,0,0,0,1,0,0,
,Other Agencies,,11,3,0,1,1,0,,,,,
,,Barren County Drug Task Force,3,0,0,0,0,0,1,1,1,0,
,,Cincinnati-Northern Kentucky International Airport,1,0,0,0,0,0,1,0,0,0,
,,Clark County School System,1,0,0,0,0,0,0,0,1,0,
,,Fayette County Schools,0,2,0,1,0,0,1,0,1,1,
,,Greater Hardin County Narcotics Task Force,1,0,0,0,0,0,0,1,0,0,
,,Jefferson County School District,1,1,0,0,1,0,1,1,0,1,
,,McCracken County Public Schools,1,0,0,0,0,0,0,0,0,1,
,,South Central Kentucky Drug Task Force,3,0,0,0,0,0,0,0,3,0,
Louisiana,Total,,14,11,1,0,0,0,,,,,
,Cities,,4,0,0,0,0,0,,,,,
,,Gretna,1,0,0,0,0,0,0,0,1,0,"17,923"
,,New Orleans,1,0,0,0,0,0,,,0,1,"397,447"
,,Shreveport,1,0,0,0,0,0,0,0,0,1,"193,937"
,,Vidalia,1,0,0,0,0,0,0,,1,,"4,015"
,Universities and Colleges,,1,0,0,0,0,0,,,,,
,,"Louisiana State University, Baton Rouge",1,0,0,0,0,0,0,0,0,1,"31,409"
,Metropolitan Counties,,6,11,1,0,0,0,,,,,
,,Caddo,0,1,0,0,0,0,1,0,0,0,
,,Calcasieu,2,0,0,0,0,0,0,1,0,1,
,,Jefferson,1,0,0,0,0,0,0,1,0,0,
,,Lafourche,1,0,0,0,0,0,0,0,0,1,
,,St. Charles,0,10,0,0,0,0,3,2,3,2,
,,St. James,1,0,0,0,0,0,0,0,0,1,
,,St. John the Baptist,0,0,1,0,0,0,0,0,0,1,
,,St. Tammany,1,0,0,0,0,0,0,1,0,0,
,Nonmetropolitan Counties,,3,0,0,0,0,0,,,,,
,,Madison,2,0,0,0,0,0,0,0,2,0,
,,Washington,1,0,0,0,0,0,1,0,0,0,
Maine,Total,,17,9,4,0,0,2,,,,,
,Cities,,16,5,2,0,0,1,,,,,
,,Augusta,0,1,0,0,0,0,1,0,0,0,"18,394"
,,Biddeford,1,0,1,0,0,0,0,0,2,0,"21,378"
,,Lewiston,1,0,0,0,0,0,0,0,0,1,"36,067"
,,Old Orchard Beach,2,0,0,0,0,0,0,1,1,0,"8,842"
,,Portland,7,2,1,0,0,0,6,3,1,0,"67,079"
,,Rumford,1,0,0,0,0,0,0,0,1,0,"5,692"
,,Saco,1,2,0,0,0,0,2,1,0,0,"19,332"
,,Sanford,3,0,0,0,0,1,1,1,2,0,"20,963"
,Universities and Colleges,,1,4,2,0,0,0,,,,,
,,University of Southern Maine,1,4,2,0,0,0,2,3,0,2,"7,855"
,Nonmetropolitan Counties,,0,0,0,0,0,1,,,,,
,,Waldo,0,0,0,0,0,1,0,1,0,0,
Maryland,Total,,24,12,6,0,0,6,,,,,
,Cities,,4,1,0,0,0,1,,,,,
,,Aberdeen,1,0,0,0,0,0,1,0,0,0,"15,720"
,,Annapolis,1,0,0,0,0,0,0,1,0,0,"39,596"
,,Baltimore,0,0,0,0,0,1,0,0,0,1,"613,217"
,,Laurel,0,1,0,0,0,0,0,1,,,"25,997"
,,Taneytown,1,0,0,0,0,0,1,0,,,"6,762"
,,Westminster,1,0,0,0,0,0,0,1,,,"18,682"
,Universities and Colleges,,4,4,0,0,0,0,,,,,
,,University of Maryland:  ,,,,,,,,,,,
,,Baltimore County ,0,3,0,0,0,0,1,1,1,0,"13,640"
,,College Park,4,1,0,0,0,0,0,1,2,2,"39,083"
,Metropolitan Counties,,15,6,4,0,0,5,,,,,
,,Anne Arundel County Police Department,5,1,2,0,0,1,4,3,2,0,
,,Baltimore County Police Department,5,1,0,0,0,4,6,1,3,0,
,,Harford,1,0,0,0,0,0,1,0,0,,
,,Howard County Police Department,0,1,0,0,0,0,1,0,,,
,,Montgomery County Police Department,2,2,2,0,0,0,0,3,2,1,
,,Prince George's County Police Department,1,0,0,0,0,0,0,1,,,
,,Wicomico,1,1,0,0,0,0,0,2,0,0,
,State Police Agencies,,0,0,1,0,0,0,,,,,
,,"State Police, Somerset County",0,0,1,0,0,0,0,0,1,0,
,Other Agencies,,1,1,1,0,0,0,,,,,
,,State Fire Marshal,0,1,0,0,0,0,1,0,0,0,
,,Transit Administration,1,0,1,0,0,0,1,0,0,1,
Massachusetts,Total,,232,118,65,9,8,9,,,,,
,Cities,,185,110,60,9,8,9,,,,,
,,Acton,5,2,1,0,0,0,1,1,4,2,"23,937"
,,Agawam,1,0,0,0,0,0,1,0,0,0,"28,839"
,,Amherst2,1,0,1,0,2,0,0,1,1,1,"40,313"
,,Andover,1,2,0,0,0,0,0,1,0,2,"35,898"
,,Arlington,2,7,1,1,0,3,6,7,1,0,"45,449"
,,Ashburnham,1,0,0,0,0,0,0,1,0,0,"6,255"
,,Attleboro,1,0,0,0,0,0,0,1,0,0,"44,607"
,,Barnstable,2,0,0,0,0,0,0,1,0,1,"44,142"
,,Belmont,1,0,0,0,0,0,0,0,0,1,"26,432"
,,Beverly,1,0,0,0,0,0,1,0,0,0,"41,678"
,,Bolton,1,0,0,0,0,0,0,0,1,0,"5,272"
,,Boston2,79,28,33,0,0,1,29,42,36,33,"682,903"
,,Boxford,0,1,0,0,0,0,0,0,0,1,"8,333"
,,Braintree,4,1,0,0,0,2,3,3,0,1,"37,579"
,,Bridgewater,1,0,0,0,0,0,0,1,0,0,"27,769"
,,Brockton,1,0,0,0,0,0,0,0,0,1,"96,016"
,,Cambridge2,5,3,2,0,0,0,3,3,1,2,"111,707"
,,Chelmsford,0,1,1,0,0,0,1,0,1,0,"35,392"
,,Chelsea2,2,1,0,0,0,0,0,0,1,1,"40,514"
,,Concord,0,0,0,1,0,0,0,0,1,0,"20,193"
,,Danvers,0,2,0,1,0,0,0,1,0,2,"28,168"
,,Dracut,0,4,1,0,0,0,1,1,0,3,"31,685"
,,Duxbury,1,2,0,0,0,0,0,1,2,0,"16,085"
,,Edgartown,0,0,1,0,0,0,0,0,0,1,"4,323"
,,Everett,2,0,0,0,0,0,0,0,1,1,"47,185"
,,Fitchburg,1,0,0,0,0,0,1,0,0,0,"40,445"
,,Framingham,1,3,1,0,0,0,3,1,1,0,"72,153"
,,Grafton,2,0,0,0,0,0,0,1,1,0,"18,763"
,,Greenfield,1,0,0,0,0,0,0,0,0,1,"17,462"
,,Haverhill,2,1,0,0,0,0,1,0,1,1,"63,244"
,,Hingham,1,0,0,0,0,0,0,0,1,0,"23,392"
,,Holland,0,0,0,0,1,0,0,0,0,1,"2,502"
,,Hudson,0,2,0,0,0,0,0,0,1,1,"19,963"
,,Lexington,0,1,0,0,0,0,0,0,1,0,"33,768"
,,Lincoln,0,2,0,0,0,0,0,0,1,1,"6,860"
,,Lowell,0,1,1,0,0,0,0,1,1,0,"111,294"
,,Lynn2,5,0,2,0,0,0,4,0,1,1,"93,140"
,,Malden2,3,2,0,0,0,0,1,0,3,0,"61,098"
,,Manchester-by-the-Sea,0,0,0,1,0,0,1,0,0,0,"5,435"
,,Mansfield,1,0,0,0,0,0,0,0,0,1,"23,847"
,,Marblehead,0,1,0,0,0,0,0,1,0,0,"20,618"
,,Mashpee,0,1,0,0,0,0,0,0,1,0,"14,272"
,,Medford,5,1,0,1,0,0,2,3,0,2,"57,418"
,,Medway,1,0,0,0,0,0,0,0,0,1,"13,407"
,,Millbury,0,1,0,0,0,0,0,0,1,0,"13,626"
,,Milton,0,1,1,0,0,0,1,1,0,0,"27,420"
,,Nahant,0,1,0,0,0,0,0,0,1,0,"3,500"
,,Natick,0,1,0,0,0,0,1,0,0,0,"36,705"
,,New Bedford,0,0,1,0,0,0,0,1,0,0,"95,107"
,,Newburyport,0,1,0,0,0,0,0,0,1,0,"18,092"
,,Newton,3,7,2,0,0,0,5,4,1,2,"89,736"
,,North Andover,1,0,0,0,0,0,0,0,1,0,"31,035"
,,Northbridge,1,0,0,0,0,0,0,0,0,1,"16,711"
,,Northfield,0,4,4,0,0,0,0,0,0,8,"2,966"
,,Norwell,1,0,0,0,0,0,0,0,1,0,"11,150"
,,Pittsfield,0,1,0,0,0,0,1,0,0,0,"42,546"
,,Plymouth,0,1,0,0,0,0,1,0,0,0,"59,803"
,,Provincetown,1,0,1,0,0,0,0,1,0,1,"2,993"
,,Quincy2,8,2,1,0,0,0,2,1,4,3,"93,966"
,,Raynham,0,0,0,0,0,1,1,0,0,0,"14,048"
,,Reading,0,1,1,0,0,0,0,0,1,1,"26,033"
,,Revere,2,1,0,0,0,0,0,1,2,0,"53,425"
,,Rutland,0,1,0,0,0,0,0,0,1,0,"8,687"
,,Salem2,8,5,0,0,0,0,1,5,1,4,"43,385"
,,Salisbury,1,0,0,0,0,0,0,1,0,0,"9,517"
,,Saugus,1,0,0,0,0,0,1,0,0,0,"28,241"
,,Sharon,0,0,1,0,0,0,1,0,0,0,"18,419"
,,Shrewsbury,0,1,0,0,0,0,0,0,1,0,"36,974"
,,Somerville2,6,2,1,1,0,0,3,3,1,2,"82,326"
,,Southbridge,0,1,0,0,0,0,0,1,0,0,"16,860"
,,Springfield,5,1,1,0,0,1,4,2,1,1,"154,562"
,,Stoneham,0,0,0,1,0,0,1,0,0,0,"22,077"
,,Stoughton,0,1,0,0,0,0,0,0,0,1,"28,678"
,,Sudbury,0,1,0,0,0,0,0,0,1,0,"19,120"
,,Swampscott,0,1,0,0,1,0,2,0,0,0,"15,016"
,,Taunton,1,1,0,1,2,0,4,1,0,0,"57,047"
,,Tewksbury,1,0,0,0,0,0,0,1,0,0,"31,245"
,,Truro,1,0,0,0,0,0,0,0,0,1,"2,018"
,,Walpole,1,0,0,0,0,0,0,0,1,0,"25,312"
,,Waltham,1,1,1,1,2,0,0,3,1,2,"63,413"
,,Ware,1,0,0,0,0,0,0,0,1,0,"9,907"
,,Watertown,0,0,0,0,0,1,1,0,0,0,"35,586"
,,Webster,1,0,0,0,0,0,0,0,0,1,"16,883"
,,Westborough,0,1,0,0,0,0,0,1,0,0,"19,074"
,,Worcester2,5,1,0,0,0,0,2,2,0,1,"185,107"
,,Wrentham,0,1,0,0,0,0,0,0,0,1,"11,838"
,Universities and Colleges,,37,8,4,0,0,0,,,,,
,,Amherst College,0,0,2,0,0,0,2,0,,0,"1,849"
,,Boston College,5,0,0,0,0,0,0,,,5,"14,466"
,,Boston University2,5,3,1,0,0,0,3,2,2,1,"32,695"
,,Clark University,0,2,0,0,0,0,2,0,0,0,"3,298"
,,College of the Holy Cross,0,0,1,0,0,0,0,0,0,1,"2,720"
,,Dean College,1,0,0,0,0,0,0,1,0,0,"1,339"
,,Framingham State University,8,0,0,0,0,0,,0,0,8,"5,977"
,,Hampshire College,3,0,0,0,0,0,1,1,1,0,"1,321"
,,Harvard University,1,0,0,0,0,0,1,,,,"29,908"
,,Massasoit Community College,0,1,0,0,0,0,1,0,0,0,"7,471"
,,Springfield Technical Community College,3,0,0,0,0,0,0,0,0,3,"5,622"
,,"University of Massachusetts, Amherst",1,0,0,0,0,0,0,0,0,1,"30,037"
,,Westfield State University2,10,2,0,0,0,0,0,0,1,9,"6,335"
,Other Agencies,,10,0,1,0,0,0,,,,,
,,Massachusetts Bay Transportation Authority:  ,,,,,,,,,,,
,,Middlesex County,1,0,0,0,0,0,,,,1,
,,Suffolk County,4,0,0,0,0,0,1,1,,2,
,,Massachusetts General Hospital,5,0,1,0,0,0,,,2,4,
Michigan,Total,,311,78,57,2,8,0,,,,,
,Cities,,212,53,44,1,4,0,,,,,
,,Adrian,1,0,0,0,0,0,0,0,1,0,"20,598"
,,Albion,0,1,0,0,0,0,0,0,0,1,"8,293"
,,Ann Arbor,3,13,3,0,0,0,1,2,8,8,"121,930"
,,Bangor,1,0,0,0,0,0,0,1,0,0,"1,839"
,,Battle Creek,2,1,3,0,1,0,3,2,1,1,"60,852"
,,Bay City,1,0,0,0,0,0,1,0,0,0,"33,286"
,,Belleville,1,0,0,0,0,0,0,0,1,0,"3,832"
,,Benton Harbor,1,0,1,0,0,0,0,1,0,1,"9,899"
,,Berrien Springs-Oronoko Township,1,0,0,0,0,0,0,0,1,0,"9,039"
,,Birmingham,0,1,0,0,0,0,1,0,0,0,"21,162"
,,Blackman Township,23,0,0,0,0,0,1,4,3,15,"36,908"
,,Boyne City,1,1,0,0,0,0,1,1,0,0,"3,741"
,,Buena Vista Township,2,0,0,0,0,0,0,1,0,1,"8,084"
,,Burton,4,0,0,0,0,0,0,1,3,0,"28,439"
,,Cadillac,1,0,0,0,0,0,1,0,0,0,"10,473"
,,Canton Township,1,1,0,0,0,0,1,0,1,0,"90,294"
,,Carrollton Township,0,0,1,0,0,0,0,0,1,0,"5,728"
,,Center Line,2,0,0,0,0,0,1,1,0,0,"8,304"
,,Charlotte,2,0,0,0,0,0,0,0,1,1,"9,053"
,,Cheboygan,1,0,0,0,0,0,0,0,1,0,"4,705"
,,Chocolay Township,1,0,0,0,0,0,0,1,0,0,"5,948"
,,Clio,1,0,0,0,0,0,1,0,0,0,"2,495"
,,Dearborn,4,0,0,0,0,0,4,0,0,0,"93,889"
,,Dearborn Heights,1,1,1,0,0,0,1,1,0,1,"55,454"
,,Detroit,22,2,15,0,2,0,15,10,9,7,"670,792"
,,East Grand Rapids,1,0,0,0,0,0,0,0,0,1,"11,812"
,,East Lansing,2,1,0,0,0,0,0,1,2,0,"48,920"
,,Eastpointe,1,0,0,0,0,0,0,1,0,0,"32,712"
,,Ecorse,2,0,0,0,0,0,0,0,2,0,"9,132"
,,Escanaba,0,1,0,0,0,0,0,0,1,0,"12,280"
,,Farmington Hills,0,1,0,0,0,0,1,0,0,0,"81,359"
,,Ferndale,4,0,1,0,0,0,2,0,1,2,"20,131"
,,Flint,9,0,1,0,0,0,2,3,4,1,"96,605"
,,Fremont,1,0,0,0,0,0,0,0,1,0,"4,020"
,,Gaines Township,1,0,0,0,0,0,1,0,0,0,"6,139"
,,Galesburg,2,0,0,0,0,0,0,0,1,1,"2,055"
,,Gaylord,2,0,0,0,0,0,0,0,1,1,"3,697"
,,Grand Blanc,1,0,0,0,0,0,1,0,0,0,"7,904"
,,Grand Rapids,5,1,4,0,0,0,1,0,6,3,"197,868"
,,Grandville,0,2,0,0,0,0,0,1,1,0,"16,108"
,,Grosse Pointe,0,1,0,0,0,0,1,0,0,0,"5,151"
,,Grosse Pointe Farms,0,0,1,0,0,0,0,0,1,0,"9,106"
,,Hampton Township,1,0,0,0,0,0,1,0,0,0,"9,522"
,,Hamtramck,1,1,0,0,0,0,0,1,0,1,"21,654"
,,Hart,4,1,0,0,0,0,1,3,0,1,"2,080"
,,Highland Park,2,0,0,0,0,0,0,1,0,1,"10,757"
,,Holland,3,0,0,0,0,0,2,1,0,0,"33,613"
,,Huntington Woods,0,1,0,0,0,0,0,1,0,0,"6,343"
,,Huron Township,1,0,0,0,0,0,1,0,0,0,"15,636"
,,Independence Township,1,0,0,0,0,0,0,1,0,0,"36,836"
,,Inkster,1,0,0,0,0,0,1,0,0,0,"24,324"
,,Ionia,1,0,1,0,0,0,0,2,0,0,"11,287"
,,Iron River,1,0,0,0,0,0,0,0,0,1,"2,838"
,,Lansing,10,0,2,0,0,0,2,2,6,2,"116,302"
,,Lansing Township,0,0,1,0,0,0,0,1,0,0,"8,150"
,,Lapeer,0,1,0,0,0,0,1,0,0,0,"8,735"
,,Lincoln Park,2,0,0,0,0,0,0,0,2,0,"36,502"
,,Lincoln Township,1,0,0,0,0,0,1,0,0,0,"14,460"
,,Ludington,1,0,0,0,0,0,0,0,1,0,"8,068"
,,Madison Heights,1,0,0,0,0,0,1,0,0,0,"30,152"
,,Manistee,1,0,0,0,0,0,0,0,1,0,"6,030"
,,Meridian Township,2,1,6,0,0,0,2,0,6,1,"42,878"
,,Metro Police Authority of Genesee County,0,1,0,0,0,0,0,1,0,0,"20,001"
,,Midland,1,0,0,0,0,0,1,0,0,0,"42,131"
,,Millington,1,0,0,0,0,0,1,0,0,0,"1,016"
,,Monroe,1,0,0,0,0,0,1,0,0,0,"19,868"
,,Mount Pleasant,1,0,1,0,0,0,1,0,1,0,"26,366"
,,Muskegon,4,0,0,0,0,0,0,0,4,0,"38,375"
,,Northville Township,2,0,0,0,0,0,0,0,2,0,"28,751"
,,Oak Park,0,2,0,0,0,0,0,0,2,0,"29,698"
,,Ovid,1,0,0,0,0,0,0,0,1,0,"1,615"
,,Perry,2,0,0,0,0,0,0,2,0,0,"2,094"
,,Petoskey,1,0,0,0,0,0,0,0,1,0,"5,764"
,,Pinckney,0,0,0,1,0,0,0,0,1,0,"2,463"
,,Pittsfield Township,1,0,0,0,0,0,0,0,0,1,"39,061"
,,Pontiac,2,0,0,0,0,0,0,0,1,1,"59,731"
,,Portland,1,0,0,0,0,0,0,1,0,0,"3,943"
,,Raisin Township,1,0,0,0,0,0,1,0,0,0,"7,619"
,,Redford Township,1,0,0,0,0,0,0,1,0,0,"46,867"
,,Rochester Hills,1,2,1,0,0,0,1,0,0,3,"73,827"
,,Romulus,2,0,0,0,0,0,0,1,1,0,"23,174"
,,Roosevelt Park,0,1,0,0,0,0,0,0,1,0,"3,826"
,,Roseville,6,1,0,0,0,0,2,2,3,0,"47,651"
,,Royal Oak,1,0,0,0,0,0,0,0,1,0,"59,303"
,,Saginaw,3,0,0,0,0,0,0,0,2,1,"48,589"
,,Saginaw Township,2,0,0,0,0,0,1,0,0,1,"39,319"
,,Saline,1,0,0,0,0,0,0,0,1,0,"9,207"
,,Sault Ste. Marie,1,0,0,0,0,0,1,0,0,0,"13,630"
,,Schoolcraft,1,0,0,0,0,0,0,1,0,0,"1,571"
,,Shelby Township,4,2,0,0,0,0,2,1,2,1,"79,217"
,,Southfield,2,3,0,0,0,0,2,0,2,1,"73,324"
,,Southgate,4,0,0,0,0,0,0,0,0,4,"28,939"
,,Sparta,1,0,0,0,0,0,0,0,1,0,"4,370"
,,St. Joseph,1,0,0,0,0,0,0,0,1,0,"8,276"
,,Tawas,1,0,0,0,0,0,1,0,0,0,"4,522"
,,Taylor,3,0,0,0,0,0,0,2,1,0,"60,882"
,,Thomas Township,0,1,0,0,0,0,0,0,1,0,"11,450"
,,Traverse City,0,3,1,0,0,0,0,2,2,0,"15,617"
,,Trenton,0,1,0,0,0,0,1,0,0,0,"18,161"
,,Troy,3,0,0,0,1,0,0,2,2,0,"84,086"
,,Van Buren Township,2,0,0,0,0,0,1,0,1,0,"27,911"
,,Warren,1,0,0,0,0,0,1,0,0,0,"135,303"
,,Wayne,1,0,0,0,0,0,0,0,1,0,"16,857"
,,West Bloomfield Township,0,3,0,0,0,0,2,1,0,0,"65,948"
,,Westland,2,0,0,0,0,0,0,0,0,2,"81,158"
,,White Lake Township,1,0,0,0,0,0,0,1,0,0,"31,016"
,,Wyandotte,2,0,0,0,0,0,0,1,0,1,"24,817"
,,Wyoming,4,0,0,0,0,0,0,0,4,0,"76,153"
,Universities and Colleges,,14,5,4,0,1,0,,,,,
,,Eastern Michigan University,3,0,0,0,0,0,0,1,2,0,"21,246"
,,Grand Valley State University,0,0,2,0,0,0,0,0,2,0,"25,460"
,,Michigan State University,1,0,0,0,0,0,0,0,1,0,"50,340"
,,Oakland University,1,0,0,0,0,0,0,0,0,1,"20,012"
,,Saginaw Valley State University,0,0,0,0,1,0,0,0,0,1,"9,105"
,,University of Michigan:  ,,,,,,,,,,,
,,Ann Arbor ,9,4,2,0,0,0,4,0,5,6,"44,718"
,,Dearborn,0,1,0,0,0,0,0,1,0,0,"9,131"
,Metropolitan Counties,,15,10,2,0,0,0,,,,,
,,Eaton,1,0,0,0,0,0,0,0,1,0,
,,Genesee,2,2,0,0,0,0,1,1,0,2,
,,Jackson,0,2,0,0,0,0,0,2,0,0,
,,Kent,3,0,0,0,0,0,0,1,1,1,
,,Lapeer,0,1,0,0,0,0,0,1,0,0,
,,Midland,1,0,0,0,0,0,0,1,0,0,
,,Monroe,0,1,0,0,0,0,0,1,0,0,
,,Muskegon,0,0,1,0,0,0,1,0,0,0,
,,Ottawa,1,1,1,0,0,0,0,0,2,1,
,,Saginaw,0,1,0,0,0,0,0,1,0,0,
,,Van Buren,3,2,0,0,0,0,0,1,4,0,
,,Washtenaw,4,0,0,0,0,0,3,0,1,0,
,Nonmetropolitan Counties,,17,3,4,0,2,0,,,,,
,,Allegan,1,0,0,0,0,0,0,0,1,0,
,,Benzie,3,0,0,0,0,0,0,1,0,2,
,,Charlevoix,0,0,1,0,0,0,0,0,1,0,
,,Chippewa,1,1,1,0,0,0,0,1,1,1,
,,Clare,1,0,0,0,0,0,0,0,1,0,
,,Emmet,1,0,0,0,0,0,0,0,1,0,
,,Grand Traverse,2,0,0,0,0,0,0,1,1,0,
,,Gratiot,1,1,1,0,0,0,2,0,1,0,
,,Huron,1,0,0,0,0,0,0,1,0,0,
,,Mackinac,1,0,0,0,0,0,0,0,1,0,
,,Menominee,2,1,0,0,0,0,0,1,1,1,
,,Missaukee,1,0,0,0,0,0,0,0,1,0,
,,Newaygo,0,0,0,0,1,0,0,1,0,0,
,,Ontonagon,0,0,1,0,0,0,0,1,0,0,
,,Otsego,0,0,0,0,1,0,0,1,0,0,
,,Presque Isle,2,0,0,0,0,0,0,1,1,0,
,State Police Agencies,,50,6,3,1,1,0,,,,,
,,State Police:,,,,,,,,,,,
,,Alpena County,2,0,0,0,0,0,0,0,2,0,
,,Barry County,3,0,0,0,0,0,0,0,3,0,
,,Bay County,2,0,1,0,0,0,0,1,2,0,
,,Berrien County,1,0,0,0,0,0,0,0,1,0,
,,Chippewa County,2,0,0,0,0,0,0,0,0,2,
,,Clare County,1,0,0,0,0,0,0,1,0,0,
,,Crawford County,1,0,0,0,0,0,0,0,0,1,
,,Eaton County,1,0,0,0,0,0,0,0,1,0,
,,Genesee County,1,0,0,0,0,0,0,0,1,0,
,,Gogebic County,2,0,0,0,0,0,1,0,1,0,
,,Isabella County,1,0,0,0,0,0,0,0,0,1,
,,Jackson County,3,0,1,0,0,0,1,1,1,1,
,,Kalamazoo County,2,0,0,0,0,0,0,1,0,1,
,,Kent County,3,0,0,0,0,0,0,0,1,2,
,,Lapeer County,1,1,0,0,0,0,0,0,1,1,
,,Livingston County,4,2,1,0,0,0,2,3,2,0,
,,Macomb County,1,0,0,0,0,0,0,0,0,1,
,,Mason County,0,1,0,0,0,0,0,0,0,1,
,,Monroe County,2,0,0,0,0,0,0,2,0,0,
,,Montcalm County,2,0,0,0,0,0,0,0,1,1,
,,Muskegon County,1,0,0,0,0,0,0,0,0,1,
,,Oakland County,2,0,0,1,0,0,0,2,1,0,
,,Oceana County,1,0,0,0,0,0,0,1,0,0,
,,Osceola County,1,0,0,0,0,0,0,0,1,0,
,,Saginaw County,2,1,0,0,0,0,0,1,1,1,
,,Shiawassee County,3,0,0,0,0,0,0,2,1,0,
,,St. Joseph County,1,0,0,0,0,0,0,1,0,0,
,,Van Buren County,0,1,0,0,1,0,2,0,0,0,
,,Washtenaw County,2,0,0,0,0,0,0,0,0,2,
,,Wayne County,1,0,0,0,0,0,1,0,0,0,
,,Wexford County,1,0,0,0,0,0,0,0,0,1,
,Tribal Agencies,,3,0,0,0,0,0,,,,,
,,Little River Band of Ottawa Indians,2,0,0,0,0,0,0,2,0,0,
,,Nottawaseppi Huron Band of Potawatomi,1,0,0,0,0,0,0,0,1,0,
,Other Agencies,,0,1,0,0,0,0,,,,,
,,Wayne County Airport,0,1,0,0,0,0,1,0,0,0,
Minnesota,Total,,92,34,22,0,0,0,,,,,
,Cities,,80,31,21,0,0,0,,,,,
,,Apple Valley,1,0,0,0,0,0,0,0,1,0,"52,439"
,,Belle Plaine,1,0,0,0,0,0,0,0,0,1,"7,066"
,,Blaine,3,0,0,0,0,0,1,1,0,1,"63,857"
,,Brooklyn Park,5,0,1,0,0,0,0,3,3,0,"80,347"
,,Burnsville,1,0,1,0,0,0,0,1,1,0,"61,442"
,,Clearbrook,1,0,0,0,0,0,0,1,0,0,522
,,Coon Rapids,0,1,0,0,0,0,0,0,1,0,"62,495"
,,Crookston,0,1,0,0,0,0,,1,0,0,"7,789"
,,Duluth,1,0,1,0,0,0,1,0,1,0,"86,306"
,,Eden Prairie,1,0,0,0,0,0,0,0,0,1,"64,429"
,,Edina,0,1,0,0,0,0,0,0,1,0,"51,923"
,,Forest Lake,0,0,1,0,0,0,1,0,0,0,"19,804"
,,Fridley,0,0,1,0,0,0,0,0,1,0,"27,516"
,,Goodhue,1,0,0,0,0,0,,,,1,"1,186"
,,Inver Grove Heights,4,1,0,0,0,0,0,3,0,2,"35,254"
,,Lakeville2,4,2,1,0,0,0,3,0,1,2,"62,958"
,,Mankato,1,0,0,0,0,0,0,0,0,1,"42,047"
,,Maple Grove,2,2,0,0,0,0,0,0,1,3,"70,966"
,,Maplewood,5,0,0,0,0,0,1,0,3,1,"40,689"
,,Minneapolis,16,7,8,0,0,0,10,9,8,4,"418,971"
,,Moorhead,2,0,1,0,0,0,3,0,0,0,"42,999"
,,New Brighton,1,0,0,0,0,0,0,0,1,0,"22,772"
,,Northfield,1,0,0,0,0,0,0,1,0,0,"20,512"
,,Oakdale,1,0,0,0,0,0,1,0,0,0,"28,181"
,,Plymouth,0,1,0,0,0,0,0,0,0,1,"78,356"
,,Rochester,10,3,0,0,0,0,3,3,3,4,"115,228"
,,Roseville,0,0,1,0,0,0,0,1,0,0,"36,196"
,,Sartell,0,0,1,0,0,0,0,0,1,0,"17,353"
,,Savage,1,0,1,0,0,0,1,0,1,0,"31,491"
,,Spring Lake Park,1,0,0,0,0,0,1,0,0,0,"6,482"
,,St. Anthony,1,0,0,0,0,0,0,0,0,1,"9,159"
,,St. Cloud,1,1,0,0,0,0,1,0,1,0,"67,911"
,,Stillwater,0,1,0,0,0,0,0,0,1,0,"19,394"
,,St. Louis Park2,3,4,2,0,0,0,3,1,2,2,"49,355"
,,St. Paul,11,5,1,0,0,0,5,8,2,2,"306,696"
,,Willmar,0,1,0,0,0,0,0,0,1,0,"19,553"
,Universities and Colleges,,3,2,0,0,0,0,,,,,
,,"University of Minnesota, Twin Cities",3,2,0,0,0,0,2,2,1,0,"51,579"
,Metropolitan Counties,,9,0,1,0,0,0,,,,,
,,Benton,1,0,0,0,0,0,1,0,0,0,
,,Carver,5,0,0,0,0,0,1,1,2,1,
,,Ramsey,2,0,0,0,0,0,1,1,0,0,
,,Wright,1,0,1,0,0,0,1,0,0,1,
,Nonmetropolitan Counties,,0,1,0,0,0,0,,,,,
,,Otter Tail,0,1,0,0,0,0,1,0,0,0,
Mississippi,Total,,1,0,0,0,0,0,,,,,
,Cities,,1,0,0,0,0,0,,,,,
,,Gulfport,1,0,0,0,0,0,0,0,0,1,"72,792"
Missouri,Total,,79,11,13,0,1,1,,,,,
,Cities,,72,7,13,0,1,1,,,,,
,,Blue Springs,2,0,0,0,0,0,1,1,0,0,"54,727"
,,Branson,1,0,0,0,0,0,1,0,0,0,"11,571"
,,Camdenton,0,0,1,0,0,0,0,0,0,1,"3,980"
,,Cameron,3,0,0,0,0,0,0,2,0,1,"9,765"
,,Columbia,1,0,0,0,0,0,1,0,0,0,"122,585"
,,Crystal City,0,0,1,0,0,0,0,0,1,0,"4,817"
,,Festus,0,0,1,0,0,0,0,1,0,0,"12,187"
,,Gladstone,2,1,0,0,0,0,1,0,1,1,"27,390"
,,Grain Valley,2,0,0,0,0,0,0,0,1,1,"13,825"
,,Grandview,1,0,0,0,0,0,0,1,0,0,"25,308"
,,Independence,4,0,0,0,0,0,2,1,0,1,"117,055"
,,Joplin,0,0,1,0,0,0,0,0,0,1,"52,412"
,,Kansas City,34,5,6,0,1,1,6,19,16,6,"484,948"
,,Lee's Summit,1,0,0,0,0,0,1,0,0,0,"96,855"
,,Macon,1,0,0,0,0,0,0,0,1,0,"5,360"
,,Maryland Heights,1,0,0,0,0,0,0,0,0,1,"27,083"
,,Normandy,1,0,0,0,0,0,0,1,0,0,"7,544"
,,North Kansas City,1,0,0,0,0,0,0,1,0,0,"4,407"
,,Overland,1,0,0,0,0,0,0,1,0,0,"15,760"
,,Rolla,2,0,3,0,0,0,2,1,2,0,"20,147"
,,St. Louis,11,0,0,0,0,0,3,4,2,2,"310,284"
,,University City,1,0,0,0,0,0,0,1,0,0,"34,601"
,,Warrenton,1,0,0,0,0,0,0,1,0,0,"8,168"
,,Wentzville,1,0,0,0,0,0,0,1,0,0,"38,876"
,,Willard,0,1,0,0,0,0,0,1,0,0,"5,452"
,Universities and Colleges,,2,2,0,0,0,0,,,,,
,,"St. Louis Community College, Meramec",2,1,0,0,0,0,2,0,1,0,"19,052"
,,"University of Missouri, Columbia",0,1,0,0,0,0,1,0,0,0,"33,239"
,Metropolitan Counties,,3,2,0,0,0,0,,,,,
,,Greene,2,0,0,0,0,0,0,1,1,0,
,,St. Louis County Police Department,0,2,0,0,0,0,1,0,1,0,
,,Warren,1,0,0,0,0,0,0,0,1,0,
,Nonmetropolitan Counties,,2,0,0,0,0,0,,,,,
,,Laclede,1,0,0,0,0,0,0,0,0,1,
,,Taney,1,0,0,0,0,0,1,0,0,0,
Montana,Total,,9,4,2,0,0,0,,,,,
,Cities,,3,2,0,0,0,0,,,,,
,,Bozeman,0,2,0,0,0,0,1,0,1,0,"46,728"
,,Kalispell,2,0,0,0,0,0,0,2,0,0,"23,243"
,,Whitefish,1,0,0,0,0,0,0,0,1,0,"7,446"
,Universities and Colleges,,2,0,0,0,0,0,,,,,
,,Montana State University,1,0,0,0,0,0,1,0,0,0,"16,359"
,,University of Montana,1,0,0,0,0,0,0,0,0,1,"12,419"
,Metropolitan Counties,,3,1,1,0,0,0,,,,,
,,Cascade,1,0,0,0,0,0,1,0,0,0,
,,Missoula,1,1,0,0,0,0,0,0,2,0,
,,Yellowstone,1,0,1,0,0,0,1,1,0,0,
,Nonmetropolitan Counties,,1,1,1,0,0,0,,,,,
,,Deer Lodge,0,0,1,0,0,0,0,0,1,0,
,,Gallatin,1,0,0,0,0,0,0,0,1,0,
,,Ravalli,0,1,0,0,0,0,0,0,1,0,
Nebraska,Total,,34,6,4,1,0,0,,,,,
,Cities,,29,6,4,0,0,0,,,,,
,,Grand Island,1,0,1,0,0,0,0,1,0,1,"51,980"
,,Kearney,1,0,0,0,0,0,0,0,0,1,"33,960"
,,Lincoln,21,5,3,0,0,0,3,5,10,11,"284,063"
,,Norfolk,2,0,0,0,0,0,0,0,1,1,"24,364"
,,Omaha,2,1,0,0,0,0,1,1,1,0,"449,388"
,,South Sioux City,2,0,0,0,0,0,1,0,0,1,"13,078"
,Metropolitan Counties,,5,0,0,0,0,0,,,,,
,,Merrick,4,0,0,0,0,0,0,0,2,2,
,,Saunders,1,0,0,0,0,0,0,0,0,1,
,Nonmetropolitan Counties,,0,0,0,1,0,0,,,,,
,,Perkins,0,0,0,1,0,0,0,0,0,1,
Nevada,Total,,2,0,3,0,0,0,,,,,
,Cities,,1,0,3,0,0,0,,,,,
,,Henderson,1,0,0,0,0,0,0,0,0,1,"299,285"
,,Reno,0,0,3,0,0,0,1,2,0,0,"248,531"
,Other Agencies,,1,0,0,0,0,0,,,,,
,,Clark County School District,1,0,0,0,0,0,0,0,1,0,
New Hampshire,Total,,8,4,1,0,0,0,,,,,
,Cities,,7,4,0,0,0,0,,,,,
,,Concord,1,0,0,0,0,0,0,1,0,0,"42,942"
,,Dover,1,0,0,0,0,0,1,0,0,0,"31,344"
,,Epping,0,1,0,0,0,0,1,0,0,0,"6,978"
,,Hudson,1,0,0,0,0,0,1,0,0,0,"25,212"
,,Keene,0,1,0,0,0,0,0,0,0,1,"23,386"
,,Laconia,1,0,0,0,0,0,0,1,0,0,"16,616"
,,Manchester,0,1,0,0,0,0,0,1,0,0,"110,655"
,,Pelham,1,0,0,0,0,0,0,0,1,0,"13,513"
,,Plymouth,0,1,0,0,0,0,0,0,0,1,"6,303"
,,Rye,1,0,0,0,0,0,0,1,0,0,"5,425"
,,Seabrook,1,0,0,0,0,0,0,1,0,0,"8,816"
,Universities and Colleges,,0,0,1,0,0,0,,,,,
,,University of New Hampshire,0,0,1,0,0,0,0,0,0,1,"15,188"
,State Police Agencies,,1,0,0,0,0,0,,,,,
,,"State Police, Grafton County",1,0,0,0,0,0,0,1,0,0,
New Jersey,Total,,260,180,51,4,0,0,,,,,
,Cities,,241,163,41,3,0,0,,,,,
,,Aberdeen Township,2,3,1,0,0,0,3,1,2,0,"18,403"
,,Belmar,0,0,1,0,0,0,0,1,0,0,"5,666"
,,Belvidere,1,0,0,0,0,0,0,0,0,1,"2,589"
,,Bergenfield,0,2,0,0,0,0,0,2,0,0,"27,891"
,,Berkeley Heights Township,1,0,0,0,0,0,0,0,1,0,"13,654"
,,Berkeley Township,0,1,0,0,0,0,0,0,1,0,"42,036"
,,Boonton,0,1,0,0,0,0,0,1,0,0,"8,421"
,,Bradley Beach,1,1,0,0,0,0,1,1,0,0,"4,236"
,,Brick Township,0,2,0,0,0,0,0,0,2,0,"75,566"
,,Bridgeton,1,0,0,0,0,0,0,1,0,0,"24,937"
,,Bridgewater Township,0,1,0,0,0,0,0,0,0,1,"45,417"
,,Brigantine,0,1,0,0,0,0,0,0,1,0,"8,976"
,,Burlington Township,1,0,0,0,0,0,0,1,0,0,"22,772"
,,Carteret,1,0,0,0,0,0,1,0,0,0,"24,283"
,,Chatham,0,1,0,0,0,0,0,1,0,0,"9,011"
,,Chatham Township,1,0,0,0,0,0,1,0,0,0,"10,515"
,,Cinnaminson Township,2,3,1,0,0,0,2,3,0,1,"16,696"
,,Collingswood,1,0,0,0,0,0,0,0,0,1,"14,080"
,,Colts Neck Township,2,0,0,0,0,0,2,0,0,0,"9,936"
,,Deal,0,2,0,0,0,0,0,2,0,0,730
,,Delanco Township,2,0,0,0,0,0,2,0,0,0,"4,528"
,,Dover,1,0,1,0,0,0,1,1,0,0,"18,339"
,,Eastampton Township,1,0,0,0,0,0,1,0,0,0,"5,962"
,,East Brunswick Township,11,13,0,0,0,0,4,13,5,2,"49,019"
,,East Hanover Township,2,1,0,0,0,0,1,2,0,0,"11,284"
,,East Orange,1,1,0,0,0,0,0,1,1,0,"65,160"
,,East Windsor Township,1,0,0,0,0,0,0,0,0,1,"27,571"
,,Eatontown,0,0,1,0,0,0,0,0,0,1,"12,258"
,,Edison Township,6,3,1,0,0,0,2,2,4,2,"102,699"
,,Egg Harbor Township,1,0,0,0,0,0,0,0,0,1,"43,515"
,,Elizabeth,0,1,0,0,0,0,1,0,0,0,"129,726"
,,Elmwood Park,1,0,0,0,0,0,0,0,0,1,"20,515"
,,Emerson,0,1,0,0,0,0,0,1,0,0,"7,747"
,,Englewood,8,1,0,0,0,0,0,1,0,8,"28,795"
,,Evesham Township,10,7,0,1,0,0,2,4,5,7,"45,314"
,,Fair Lawn,0,0,1,0,0,0,0,0,0,1,"33,759"
,,Fort Lee,1,0,1,0,0,0,0,1,1,0,"38,095"
,,Franklin Lakes,1,5,0,0,0,0,0,1,0,5,"10,939"
,,"Franklin Township, Somerset County",1,0,0,0,0,0,1,0,0,0,"67,463"
,,Freehold Borough,1,0,0,0,0,0,0,0,0,1,"11,865"
,,Freehold Township,2,0,1,0,0,0,2,0,1,0,"35,531"
,,Hackensack,4,4,1,0,0,0,1,0,2,6,"45,226"
,,Hackettstown,1,0,0,0,0,0,1,0,0,0,"9,520"
,,Haddonfield,1,0,0,0,0,0,1,0,0,0,"11,445"
,,Haddon Township,2,0,0,0,0,0,1,1,0,0,"14,731"
,,"Hamilton Township, Mercer County",5,0,0,0,0,0,1,1,1,2,"88,723"
,,Hanover Township,1,4,0,0,0,0,4,1,0,0,"14,904"
,,Harrison Township,0,0,1,0,0,0,0,0,0,1,"13,128"
,,Haworth,0,2,0,0,0,0,0,0,0,2,"3,491"
,,High Bridge,0,1,0,0,0,0,0,1,0,0,"3,524"
,,Highland Park,2,2,0,0,0,0,1,1,1,1,"14,287"
,,Hightstown,2,0,0,0,0,0,1,1,0,0,"5,522"
,,Hillsborough Township,3,1,0,0,0,0,1,2,0,1,"40,369"
,,Hoboken,3,3,0,0,0,0,4,1,0,1,"55,348"
,,Hopewell Township,1,0,2,0,0,0,1,2,0,0,"18,633"
,,Howell Township,7,4,0,0,0,0,4,2,4,1,"52,432"
,,Interlaken,0,0,1,0,0,0,0,1,0,0,798
,,Jefferson Township,1,0,0,0,0,0,1,0,0,0,"21,505"
,,Jersey City,0,0,1,0,0,0,1,0,0,0,"267,906"
,,Keansburg,8,1,1,0,0,0,0,1,7,2,"9,782"
,,Kinnelon,1,0,0,0,0,0,0,1,0,0,"10,275"
,,Lakewood Township,7,15,0,0,0,0,4,6,7,5,"102,759"
,,"Lawrence Township, Mercer County",0,2,0,0,0,0,0,1,0,1,"32,929"
,,Lindenwold,0,0,1,0,0,0,0,0,0,1,"17,516"
,,Livingston Township,2,1,0,0,0,0,1,1,0,1,"29,987"
,,Lodi,2,0,3,0,0,0,3,1,0,1,"24,981"
,,Lopatcong Township,0,1,0,0,0,0,1,0,0,0,"8,298"
,,Lumberton Township,0,1,0,0,0,0,0,0,1,0,"12,286"
,,Madison,1,2,0,0,0,0,1,1,0,1,"16,175"
,,Magnolia,2,0,0,0,0,0,1,1,0,0,"4,310"
,,Manalapan Township,4,4,0,0,0,0,1,2,4,1,"40,177"
,,Manasquan,2,0,0,0,0,0,1,0,1,0,"5,804"
,,Manchester Township,1,0,0,0,0,0,1,0,0,0,"43,916"
,,"Mansfield Township, Warren County",0,1,0,0,0,0,0,1,0,0,"7,435"
,,Mantua Township,1,0,0,0,0,0,0,0,0,1,"15,123"
,,Maple Shade Township,1,2,0,0,0,0,1,1,0,1,"18,797"
,,Maplewood Township,0,1,0,0,0,0,1,0,0,0,"24,863"
,,Medford Lakes,1,1,0,0,0,0,0,0,2,0,"4,038"
,,Medford Township,3,2,2,0,0,0,1,1,0,5,"23,503"
,,Metuchen,0,0,0,1,0,0,1,0,0,0,"13,981"
,,Middlesex Borough,1,1,0,0,0,0,1,0,1,0,"13,897"
,,Millburn Township,0,1,0,0,0,0,0,0,0,1,"20,421"
,,Monmouth Beach,0,1,0,0,0,0,0,0,0,1,"3,213"
,,"Monroe Township, Middlesex County",0,3,0,0,0,0,0,0,0,3,"45,722"
,,Montclair,2,0,0,0,0,0,0,0,1,1,"39,029"
,,Montvale,0,1,0,0,0,0,1,0,0,0,"8,653"
,,Moorestown Township,4,1,0,0,0,0,1,2,1,1,"20,534"
,,Mount Laurel Township,0,0,1,0,0,0,1,0,0,0,"41,712"
,,Mount Olive Township,1,0,1,0,0,0,0,0,0,2,"29,410"
,,Mullica Township,1,0,0,0,0,0,0,0,0,1,"6,024"
,,Neptune Township,6,0,1,0,0,0,4,1,0,2,"27,757"
,,New Brunswick,1,0,2,0,0,0,2,,1,,"57,481"
,,Newton,0,1,1,0,0,0,0,0,1,1,"7,874"
,,North Bergen Township,0,1,0,0,0,0,1,0,0,0,"63,490"
,,Northfield,1,0,0,0,0,0,1,0,0,0,"8,376"
,,Oakland,0,1,0,0,0,0,0,0,0,1,"13,243"
,,"Ocean Township, Monmouth County",3,3,0,0,0,0,1,3,2,0,"26,637"
,,Old Bridge Township,2,0,0,0,0,0,1,0,1,0,"67,162"
,,Old Tappan,0,1,0,0,0,0,0,0,1,0,"6,069"
,,Oradell,0,2,0,0,0,0,0,2,0,0,"8,291"
,,Palmyra,1,0,1,0,0,0,0,1,0,1,"7,217"
,,Paramus,1,1,0,0,0,0,1,0,1,0,"27,075"
,,Passaic,1,1,1,0,0,0,0,0,2,1,"71,053"
,,Paulsboro,1,0,0,0,0,0,0,0,1,0,"5,959"
,,Pennsville Township,1,0,0,0,0,0,0,0,1,0,"12,564"
,,Pequannock Township,0,1,0,0,0,0,1,0,0,0,"15,472"
,,Piscataway Township,0,1,0,0,0,0,1,0,0,0,"58,109"
,,Plainfield,0,1,0,0,0,0,1,0,0,0,"50,983"
,,Point Pleasant,0,1,0,0,0,0,1,0,0,0,"18,696"
,,Pompton Lakes,1,0,0,0,0,0,0,0,0,1,"11,176"
,,Princeton,8,7,0,0,0,0,1,6,5,3,"31,845"
,,Ramsey,1,1,0,0,0,0,0,0,1,1,"15,273"
,,Randolph Township,4,4,0,0,0,0,4,2,0,2,"25,950"
,,Ridgewood,0,4,0,0,0,0,0,0,3,1,"25,729"
,,River Edge,0,1,0,0,0,0,0,1,0,0,"11,744"
,,Robbinsville Township,3,0,0,0,0,0,1,0,2,0,"14,446"
,,Roselle Park,1,0,0,0,0,0,0,0,1,0,"13,747"
,,Shrewsbury,0,1,0,0,0,0,0,1,0,0,"4,178"
,,South Brunswick Township,1,2,1,0,0,0,2,0,1,1,"46,280"
,,South Orange Village,4,1,1,0,0,0,3,0,1,2,"16,407"
,,South Plainfield,1,0,0,0,0,0,1,0,0,0,"24,458"
,,South River,1,0,0,0,0,0,0,1,0,0,"16,399"
,,"Springfield Township, Union County",1,0,0,0,0,0,1,0,0,0,"17,805"
,,Stone Harbor,0,0,2,0,0,0,0,1,1,0,827
,,Summit,0,1,0,0,0,0,0,1,0,0,"22,195"
,,Teaneck Township,2,1,0,0,0,0,0,1,1,1,"41,377"
,,Tenafly,0,1,0,0,0,0,0,1,0,0,"14,960"
,,Toms River Township,1,3,0,0,0,0,2,1,1,0,"92,543"
,,Trenton,0,1,0,0,0,0,1,0,0,0,"84,231"
,,Union City,1,0,0,0,0,0,0,1,0,0,"70,053"
,,Union Township,1,0,0,0,0,0,1,0,0,0,"59,051"
,,Verona,1,0,0,0,0,0,1,0,0,0,"13,584"
,,Vineland,8,0,1,0,0,0,1,0,4,4,"60,477"
,,Voorhees Township,1,0,0,0,0,0,0,0,1,0,"29,532"
,,"Washington Township, Gloucester County",1,0,1,0,0,0,0,1,1,0,"48,088"
,,"Washington Township, Warren County",1,0,0,0,0,0,0,1,0,0,"6,429"
,,Waterford Township,2,0,0,0,0,0,1,0,1,0,"10,817"
,,Weehawken Township,2,0,0,0,0,0,0,0,0,2,"15,683"
,,Westampton Township,2,0,0,0,0,0,0,1,1,0,"8,775"
,,West Long Branch,1,0,1,0,0,0,1,0,0,1,"7,944"
,,West New York,1,0,0,0,0,0,0,0,1,0,"54,156"
,,West Windsor Township,1,1,0,0,0,0,2,0,0,0,"28,495"
,,Wildwood,1,0,0,0,0,0,0,0,1,0,"5,087"
,,Willingboro Township,0,2,0,0,0,0,0,0,2,0,"31,726"
,,Woodbridge Township,0,2,0,0,0,0,1,0,0,1,"102,129"
,,Woodbury,27,1,4,1,0,0,4,10,14,5,"9,970"
,Universities and Colleges,,12,15,10,0,0,0,,,,,
,,Montclair State University,3,1,1,0,0,0,2,1,2,,"20,987"
,,Princeton University,3,0,0,0,0,0,,,,3,"8,181"
,,Rutgers University:  ,,,,,,,,,,,
,,Newark,0,2,0,0,0,0,,,,2,"12,321"
,,New Brunswick,4,12,9,0,0,0,6,7,3,9,"50,146"
,,Stockton University,2,0,0,0,0,0,,,2,,"8,728"
,Metropolitan Counties,,3,1,0,0,0,0,,,,,
,,Bergen,1,1,0,0,0,0,2,,,,
,,Cape May,1,0,0,0,0,0,,1,,,
,,Warren,1,0,0,0,0,0,,,,1,
,State Police Agencies,,4,1,0,1,0,0,,,,,
,,New Jersey State Police,4,1,0,1,0,0,4,,,2,
New Mexico,Total,,4,2,1,0,0,0,,,,,
,Cities,,4,2,1,0,0,0,,,,,
,,Albuquerque,4,2,1,0,0,0,,,4,3,"561,375"
New York,Total,,189,284,64,1,0,14,,,,,
,Cities,,127,194,55,1,0,13,,,,,
,,Albany,4,0,0,0,0,0,0,0,2,2,"98,174"
,,Ardsley Village,0,1,0,0,0,0,1,0,0,0,"4,663"
,,Auburn,1,0,0,0,0,0,0,1,0,,"26,686"
,,Brighton Town,0,1,0,0,0,0,0,0,1,0,"36,596"
,,Buffalo,6,0,2,0,0,0,2,4,2,0,"256,169"
,,Clarkstown Town,0,2,0,0,0,0,0,1,0,1,"81,810"
,,Croton-on-Hudson Village,0,0,0,1,0,0,0,1,0,0,"8,271"
,,Fishkill Town,1,0,0,0,0,0,0,1,0,0,"21,532"
,,Fulton City,1,0,0,0,0,0,0,1,0,0,"11,321"
,,Gates Town,1,0,0,0,0,0,0,0,0,1,"28,723"
,,Greenburgh Town,0,1,0,0,0,1,1,0,1,0,"45,923"
,,Hamburg Town,1,0,0,0,0,0,0,0,1,0,"46,040"
,,Hastings-on-Hudson Village,0,3,0,0,0,0,0,1,1,1,"7,987"
,,Hempstead Village,0,0,1,0,0,0,0,1,0,0,"55,807"
,,Ilion Village,1,0,0,0,0,0,0,0,1,0,"7,801"
,,Ithaca,2,0,0,0,0,0,0,1,1,0,"30,875"
,,Johnson City Village,1,0,0,0,0,0,0,0,1,0,"14,595"
,,Liberty Village,1,0,0,0,0,0,0,0,1,0,"4,050"
,,Middletown,0,1,0,0,0,0,0,0,1,0,"27,607"
,,Monroe Village,2,0,0,0,0,0,0,0,2,0,"8,636"
,,Mount Vernon,2,0,0,0,0,0,0,0,1,1,"68,507"
,,New Castle Town,1,1,0,0,0,0,2,,,,"18,189"
,,New Paltz Town and Village,0,1,0,0,0,0,1,0,0,0,"14,125"
,,New Rochelle,4,1,0,0,0,0,2,0,1,2,"79,960"
,,New York,88,173,46,0,0,11,96,82,68,72,"8,616,333"
,,Niagara Falls,3,0,0,0,0,0,0,1,2,0,"48,385"
,,Port Jervis,0,0,1,0,0,0,0,,1,0,"8,527"
,,Poughkeepsie,1,0,0,0,0,1,0,0,1,1,"30,159"
,,Ramapo Town,0,4,0,0,0,0,0,2,2,0,"94,019"
,,Rochester,1,0,2,0,0,0,0,2,1,0,"208,591"
,,Schodack Town,1,0,0,0,0,0,0,1,0,0,"11,685"
,,Scotia Village,0,0,1,0,0,0,1,0,0,0,"7,651"
,,Southampton Town,1,1,1,0,0,0,1,0,1,1,"50,987"
,,Spring Valley Village,0,1,0,0,0,0,0,1,0,0,"32,795"
,,Troy,0,0,1,0,0,0,1,0,0,0,"49,644"
,,Utica,0,1,0,0,0,0,0,0,1,0,"60,395"
,,White Plains,1,0,0,0,0,0,0,1,0,0,"58,461"
,,Yonkers,2,2,0,0,0,0,2,0,2,0,"201,554"
,Universities and Colleges,,5,7,2,0,0,0,,,,,
,,State University of New York Police:  ,,,,,,,,,,,
,,Buffalo State College,0,0,1,0,0,0,1,0,0,0,"9,475"
,,Cobleskill,1,0,0,0,0,0,0,0,1,0,"2,287"
,,Delhi,0,1,0,0,0,0,0,0,0,1,"3,511"
,,Geneseo,1,0,1,0,0,0,1,0,1,0,"5,602"
,,Morrisville,2,3,0,0,0,0,0,0,1,4,"3,003"
,,New Paltz,0,2,0,0,0,0,0,0,0,2,"7,628"
,,Plattsburgh,1,1,0,0,0,0,2,0,0,0,"5,520"
,Metropolitan Counties,,18,54,3,0,0,0,,,,,
,,Nassau,9,28,0,0,0,0,14,9,9,5,
,,Putnam,1,0,0,0,0,0,1,0,0,0,
,,Suffolk County Police Department,7,26,3,0,0,0,10,13,10,3,
,,Warren,1,0,0,0,0,0,0,0,0,1,
,Nonmetropolitan Counties,,1,1,0,0,0,0,,,,,
,,Cattaraugus,1,0,0,0,0,0,0,0,0,1,
,,Chenango,0,1,0,0,0,0,0,0,1,,
,State Police Agencies,,22,16,4,0,0,1,,,,,
,,State Police:,,,,,,,,,,,
,,Albany County ,2,0,0,0,0,0,1,0,0,1,
,,Clinton County ,6,0,0,0,0,0,0,2,2,2,
,,Columbia County ,1,0,2,0,0,0,0,3,0,0,
,,Duchess County ,1,2,0,0,0,0,2,0,0,1,
,,Franklin County ,1,0,0,0,0,0,0,0,0,1,
,,Genesee County ,1,0,0,0,0,0,1,0,0,0,
,,Greene County ,1,0,0,0,0,0,0,1,,0,
,,Hamilton County ,1,0,0,0,0,0,0,0,0,1,
,,Lewis County ,1,0,0,0,0,0,0,0,1,0,
,,Oneida County ,0,1,0,0,0,0,0,,1,0,
,,Onondaga County ,0,1,0,0,0,0,0,0,0,1,
,,Orange County ,0,1,0,0,0,0,0,0,1,0,
,,Oswego County ,0,1,0,0,0,1,1,0,0,1,
,,Putnam County ,0,1,1,0,0,0,0,1,0,1,
,,Saratoga County ,1,0,0,0,0,0,1,0,0,0,
,,Steuben County ,1,0,0,0,0,0,0,0,1,0,
,,Sullivan County ,1,2,0,0,0,0,0,2,1,0,
,,Tioga County ,0,1,0,0,0,0,0,0,0,1,
,,Tompkins County ,0,1,0,0,0,0,1,0,0,0,
,,Ulster County ,1,1,0,0,0,0,1,0,1,0,
,,Wayne County ,1,1,0,0,0,0,0,1,0,1,
,,Westchester County ,2,3,1,0,0,0,4,1,0,1,
,Other Agencies,,16,12,0,0,0,0,,,,,
,,New York City Metropolitan Transportation Authority,16,12,0,0,0,0,11,1,7,9,
North Carolina,Total,,114,24,24,4,0,0,,,,,
,Cities,,80,20,21,3,0,0,,,,,
,,Albemarle,1,0,0,0,0,0,0,1,0,0,"16,022"
,,Apex,1,1,0,0,0,0,2,0,0,0,"49,159"
,,Asheville,4,2,1,0,0,0,3,2,2,0,"90,103"
,,Benson,0,1,0,0,0,0,1,0,0,0,"3,764"
,,Chapel Hill,5,0,4,0,0,0,2,3,3,1,"59,553"
,,Charlotte-Mecklenburg,17,9,5,1,0,0,7,9,11,5,"914,609"
,,Concord,1,0,0,0,0,0,0,0,0,1,"91,756"
,,Durham,13,1,2,0,0,0,3,4,6,3,"269,088"
,,Fayetteville,3,1,2,1,0,0,2,2,1,2,"205,432"
,,Greensboro,4,1,1,0,0,0,0,1,2,3,"290,051"
,,Hertford,1,0,0,0,0,0,0,0,1,0,"2,122"
,,High Point,1,0,0,0,0,0,0,0,0,1,"112,368"
,,Jacksonville,2,0,0,0,0,0,0,0,1,1,"67,293"
,,Kannapolis,1,0,0,0,0,0,0,1,0,0,"48,754"
,,Marion,1,2,0,0,0,0,0,2,0,1,"7,819"
,,Monroe,0,0,0,1,0,0,0,0,1,0,"35,153"
,,New Bern,1,0,0,0,0,0,1,0,0,0,"30,191"
,,Raleigh,12,2,3,0,0,0,2,7,5,3,"468,261"
,,Roanoke Rapids,1,0,0,0,0,0,0,1,0,0,"15,083"
,,Salisbury,2,0,0,0,0,0,0,1,0,1,"34,085"
,,Siler City,3,0,0,0,0,0,1,0,1,1,"8,531"
,,Waynesville,1,0,0,0,0,0,0,0,1,0,"9,977"
,,Wilmington,5,0,1,0,0,0,1,1,2,2,"119,422"
,,Wilson,0,0,2,0,0,0,0,1,1,0,"49,686"
,Universities and Colleges,,3,0,1,0,0,0,,,,,
,,East Carolina University,1,0,1,0,0,0,0,0,0,2,"28,962"
,,North Carolina Central University,1,0,0,0,0,0,0,0,0,1,"8,094"
,,"University of North Carolina, Pembroke",1,0,0,0,0,0,0,1,0,0,"6,268"
,Metropolitan Counties,,23,4,2,1,0,0,,,,,
,,Brunswick,1,0,0,0,0,0,1,0,0,0,
,,Buncombe,1,1,0,0,0,0,0,0,0,2,
,,Burke,3,0,0,0,0,0,0,3,0,0,
,,Caldwell,1,0,0,0,0,0,0,0,0,1,
,,Forsyth,4,0,1,0,0,0,1,1,2,1,
,,Franklin,0,1,0,1,0,0,1,1,0,0,
,,Gaston County Police Department,3,0,1,0,0,0,1,1,0,2,
,,Guilford,1,0,0,0,0,0,0,0,1,0,
,,New Hanover,2,2,0,0,0,0,0,1,3,0,
,,Pitt,4,0,0,0,0,0,0,1,1,2,
,,Randolph,1,0,0,0,0,0,0,0,1,0,
,,Wake,2,0,0,0,0,0,0,1,0,1,
,Nonmetropolitan Counties,,7,0,0,0,0,0,,,,,
,,Jackson,3,0,0,0,0,0,1,2,0,0,
,,Martin,2,0,0,0,0,0,0,0,2,0,
,,Surry,1,0,0,0,0,0,1,0,0,0,
,,Transylvania,1,0,0,0,0,0,0,1,0,0,
,Other Agencies,,1,0,0,0,0,0,,,,,
,,University of North Carolina Hospitals,1,0,0,0,0,0,1,0,0,0,
North Dakota,Total,,8,5,2,0,0,0,,,,,
,Cities,,6,4,2,0,0,0,,,,,
,,Bismarck,2,1,1,0,0,0,0,3,1,0,"74,397"
,,Fargo,1,2,0,0,0,0,0,0,3,0,"123,430"
,,Grand Forks,2,0,0,0,0,0,0,1,1,0,"58,090"
,,Minot,1,0,1,0,0,0,0,2,0,0,"50,118"
,,Wahpeton,0,1,0,0,0,0,0,0,0,1,"7,841"
,Metropolitan Counties,,2,0,0,0,0,0,,,,,
,,Cass,1,0,0,0,0,0,0,1,0,0,
,,Morton,1,0,0,0,0,0,1,0,0,0,
,Nonmetropolitan Counties,,0,1,0,0,0,0,,,,,
,,McLean,0,1,0,0,0,0,0,0,1,0,
Ohio,Total,,259,35,53,31,0,2,,,,,
,Cities,,225,28,46,26,0,2,,,,,
,,Akron,10,0,0,4,0,0,4,5,4,1,"197,412"
,,Amelia,1,1,0,0,0,0,0,2,0,0,"4,982"
,,Ashland,1,0,0,0,0,0,0,0,0,1,"20,485"
,,Aurora,2,0,0,0,0,0,0,1,0,1,"15,932"
,,Austintown,1,0,0,0,0,0,0,1,0,0,"35,303"
,,Baltimore,1,0,0,0,0,0,0,0,0,1,"2,973"
,,Barberton,2,0,0,0,0,0,0,0,1,1,"26,050"
,,Beavercreek,1,0,0,0,0,0,0,0,1,0,"46,572"
,,Beaver Township,1,0,0,0,0,0,0,1,0,0,"6,427"
,,Bellefontaine,1,0,0,0,0,0,0,0,1,0,"13,144"
,,Blue Ash,1,0,0,0,0,0,0,1,0,0,"12,248"
,,Boardman,2,0,0,0,0,0,0,0,2,0,"39,276"
,,Brecksville,0,0,1,0,0,0,0,0,0,1,"13,432"
,,Butler Township,1,0,0,3,0,0,2,1,1,0,"7,799"
,,Canal Fulton,1,1,0,0,0,0,0,0,1,1,"5,428"
,,Cincinnati,31,5,4,1,0,0,6,15,13,7,"299,116"
,,Circleville,3,0,0,0,0,0,0,2,0,1,"13,972"
,,Cleveland,12,0,0,0,0,0,1,1,5,5,"385,351"
,,Colerain Township,3,1,0,0,0,0,1,3,0,0,"58,996"
,,Columbus,50,3,19,3,0,0,19,28,13,15,"872,205"
,,Copley Township,0,0,0,2,0,0,0,0,2,0,"17,280"
,,Dayton,1,0,1,0,0,0,0,1,1,0,"140,171"
,,Defiance,1,0,0,0,0,0,0,1,0,0,"16,594"
,,Englewood,0,0,1,1,0,0,1,1,0,0,"13,504"
,,Fairborn,2,0,0,0,0,0,1,1,0,0,"33,936"
,,Fairfax,1,0,0,0,0,0,0,0,0,1,"1,702"
,,Fairview Park,1,0,0,0,0,0,0,0,0,1,"16,307"
,,Findlay,2,0,1,0,0,0,0,0,2,1,"41,474"
,,Forest Park,1,0,0,0,0,0,0,0,1,0,"18,665"
,,Franklin,3,0,0,0,0,0,1,0,2,0,"11,779"
,,Gahanna,1,1,0,0,0,1,1,1,1,0,"35,243"
,,Garrettsville,1,0,0,0,0,0,0,0,0,1,"2,321"
,,Georgetown,2,0,0,0,0,0,0,0,0,2,"4,356"
,,Green Township,3,0,0,0,0,0,0,1,2,0,"58,853"
,,Grove City,1,0,0,1,0,0,1,1,0,0,"40,421"
,,Groveport,1,0,0,0,0,0,0,0,1,0,"5,583"
,,Hamilton,7,2,1,0,0,0,2,2,5,1,"62,094"
,,Hilliard,1,1,0,0,0,0,2,0,0,0,"36,144"
,,Holland,1,1,0,0,0,0,0,1,1,0,"1,662"
,,Howland Township,1,0,0,0,0,0,0,0,1,0,"16,608"
,,Huber Heights,0,0,0,1,0,0,0,0,1,0,"37,996"
,,Hudson,1,0,1,1,0,0,0,0,1,2,"22,248"
,,Ironton,1,0,0,0,0,0,0,0,0,1,"10,853"
,,Jackson,1,0,0,0,0,0,0,1,0,0,"6,305"
,,Jamestown,2,0,0,0,0,0,1,0,1,0,"2,036"
,,Lancaster,1,0,0,0,0,0,0,0,0,1,"40,026"
,,Lima,6,1,1,0,0,0,1,4,1,2,"37,220"
,,Logan,0,0,1,0,0,0,1,0,0,0,"7,077"
,,Lorain,1,1,0,0,0,0,1,1,0,0,"63,672"
,,Louisville,1,0,0,0,0,0,1,0,0,0,"9,373"
,,Loveland,1,0,0,0,0,0,0,0,0,1,"12,846"
,,Lyndhurst,2,1,0,0,0,0,0,1,1,1,"13,586"
,,"Madison Township, Franklin County",0,1,0,1,0,0,1,1,0,0,"18,661"
,,Mansfield,3,0,2,0,0,0,1,2,1,1,"46,507"
,,Marietta,1,0,2,0,0,0,0,1,0,2,"13,582"
,,Marysville,0,0,1,0,0,0,1,0,0,0,"23,622"
,,Mason,3,0,0,0,0,0,1,2,0,0,"33,406"
,,Massillon,2,0,0,0,0,0,1,1,0,,"32,265"
,,Medina Township,1,0,0,0,0,0,1,0,0,0,"8,940"
,,Mentor-on-the-Lake,0,1,0,0,0,0,1,0,0,0,"7,359"
,,Minster,1,0,0,0,0,0,1,0,,,"2,866"
,,Montgomery,0,1,0,0,0,0,0,1,0,0,"10,638"
,,Mount Healthy,1,0,0,0,0,0,0,0,0,1,"6,020"
,,Mount Vernon,0,1,0,0,0,0,0,1,0,0,"16,553"
,,New Albany,3,0,0,0,0,0,0,2,0,1,"10,838"
,,Newton Falls,0,0,1,0,0,0,1,0,0,0,"4,567"
,,North Canton,1,1,1,0,0,0,2,0,1,0,"17,348"
,,Oak Harbor,1,0,0,0,0,0,0,0,1,0,"2,731"
,,Ontario,0,0,0,1,0,0,0,1,0,0,"6,058"
,,Oxford,0,0,1,0,0,0,1,0,0,0,"22,459"
,,Parma,1,0,0,0,0,0,0,0,1,0,"79,340"
,,Perkins Township,1,0,0,0,0,0,0,1,0,0,"11,773"
,,"Perry Township, Franklin County",0,1,0,0,0,0,1,0,0,0,"3,758"
,,Pickerington,0,1,0,0,0,0,0,0,0,1,"20,373"
,,Pierce Township,1,0,0,0,0,0,1,0,0,0,"11,623"
,,Portsmouth,0,0,0,1,0,0,0,1,0,0,"20,451"
,,Powell,1,0,0,0,0,0,0,0,0,1,"13,029"
,,Reading,1,0,0,0,0,0,0,0,0,1,"10,307"
,,Reynoldsburg,5,1,1,0,0,0,1,3,3,0,"37,704"
,,Rocky River,0,0,0,1,0,0,0,0,1,0,"20,342"
,,Sabina,2,0,0,0,0,0,0,2,0,0,"2,534"
,,Salem,2,0,0,0,0,0,0,1,0,1,"11,887"
,,Shelby,1,0,0,0,0,0,0,0,1,0,"8,987"
,,Sidney,0,0,1,0,0,0,0,1,0,0,"20,466"
,,South Euclid,0,0,0,1,0,0,0,0,1,0,"21,628"
,,"Springfield Township, Hamilton County",1,0,2,0,0,1,0,1,0,3,"36,571"
,,"Springfield Township, Summit County",1,0,0,0,0,0,1,0,0,0,"14,434"
,,St. Clair Township,0,0,0,1,0,0,0,0,0,1,"7,583"
,,Streetsboro,0,0,1,1,0,0,0,1,1,0,"16,308"
,,Sugarcreek Township,1,0,0,0,0,0,0,0,1,0,"8,300"
,,Sylvania Township,1,0,0,0,0,0,0,0,0,1,"29,536"
,,Tipp City,0,1,0,0,0,0,0,0,0,1,"9,957"
,,Toledo,2,0,0,0,0,0,1,0,0,1,"277,116"
,,Trotwood,1,0,0,0,0,0,1,0,0,0,"24,308"
,,Upper Arlington,1,0,0,0,0,0,0,1,0,0,"35,214"
,,Van Wert,1,0,0,0,0,0,0,1,0,0,"10,713"
,,Wadsworth,3,0,1,0,0,0,1,0,1,2,"23,388"
,,West Chester Township,1,0,0,0,0,0,0,1,0,0,"61,386"
,,Westerville,1,0,0,0,0,0,0,0,1,0,"39,418"
,,Whitehall,1,0,0,0,0,0,1,0,0,0,"18,835"
,,Willoughby,1,0,0,0,0,0,1,0,0,0,"22,857"
,,Wilmington,2,0,0,0,0,0,1,0,1,0,"12,416"
,,Wooster,0,0,0,1,0,0,0,1,0,0,"27,172"
,,Xenia,1,0,0,0,0,0,1,0,0,0,"26,331"
,,Zanesville,1,0,1,1,0,0,0,0,1,2,"25,457"
,Universities and Colleges,,6,1,2,0,0,0,,,,,
,,Bowling Green State University,2,0,0,0,0,0,2,0,,,"17,644"
,,Capital University,1,0,2,0,0,0,2,0,0,1,"3,367"
,,Columbus State Community College,0,1,0,0,0,0,0,0,1,0,"27,109"
,,"Ohio State University, Columbus",3,0,0,0,0,0,1,0,1,1,"59,482"
,Metropolitan Counties,,14,4,2,3,0,0,,,,,
,,Belmont,1,0,0,0,0,0,0,0,0,1,
,,Butler,1,0,0,0,0,0,0,1,0,0,
,,Clark,1,1,0,0,0,0,0,1,1,0,
,,Clermont,1,0,0,0,0,0,0,0,0,1,
,,Fairfield,1,0,0,0,0,0,0,0,0,1,
,,Franklin,1,0,0,0,0,0,0,0,1,0,
,,Fulton,1,0,0,0,0,0,0,1,0,0,
,,Greene,0,1,0,0,0,0,0,0,1,0,
,,Hocking,0,1,0,0,0,0,0,0,0,1,
,,Lorain,1,0,0,0,0,0,0,0,1,0,
,,Lucas,2,0,0,0,0,0,0,1,1,0,
,,Madison,0,0,0,1,0,0,0,0,0,1,
,,Montgomery,3,0,2,0,0,0,1,2,0,2,
,,Perry,0,0,0,1,0,0,0,0,0,1,
,,Richland,1,0,0,0,0,0,0,0,0,1,
,,Stark,0,1,0,0,0,0,0,1,0,0,
,,Warren,0,0,0,1,0,0,0,1,0,0,
,Nonmetropolitan Counties,,11,2,3,1,0,0,,,,,
,,Ashland,3,0,0,0,0,0,2,0,1,0,
,,Athens,1,0,0,0,0,0,0,1,0,0,
,,Hardin,2,1,1,0,0,0,2,1,0,1,
,,Highland,1,0,0,0,0,0,0,0,1,0,
,,Logan,1,0,0,0,0,0,0,0,1,0,
,,Marion,0,0,1,1,0,0,1,1,0,0,
,,Ross,3,0,0,0,0,0,1,1,1,0,
,,Shelby,0,0,1,0,0,0,1,0,0,0,
,,Washington,0,1,0,0,0,0,0,1,0,0,
,State Police Agencies,,1,0,0,1,0,0,,,,,
,,Ohio State Highway Patrol,1,0,0,1,0,0,0,2,0,0,
,Other Agencies,,2,0,0,0,0,0,,,,,
,,Cleveland Metropolitan Park District,2,0,0,0,0,0,0,0,2,0,
Oklahoma,Total,,17,7,10,0,1,2,,,,,
,Cities,,10,5,7,0,1,1,,,,,
,,Catoosa,1,0,0,0,0,0,0,1,0,0,"7,129"
,,Chickasha,1,0,0,0,0,0,1,0,0,0,"16,489"
,,Collinsville,1,0,0,0,0,1,0,1,1,0,"6,836"
,,Fairland,0,1,0,0,0,0,1,0,0,0,"1,051"
,,Kellyville,0,0,1,0,0,0,0,0,0,1,"1,147"
,,Lawton,0,1,0,0,0,0,1,0,0,0,"94,134"
,,Luther,1,0,0,0,0,0,0,0,1,0,"1,675"
,,Marietta,0,1,0,0,0,0,1,0,0,0,"2,782"
,,Muldrow,1,0,1,0,0,0,0,1,1,0,"3,250"
,,Muskogee,1,0,0,0,0,0,1,0,0,0,"38,199"
,,Noble,0,0,1,0,0,0,0,0,1,0,"6,799"
,,Norman,1,0,1,0,1,0,1,0,1,1,"124,074"
,,Owasso,0,0,1,0,0,0,1,0,0,0,"36,869"
,,Sapulpa,0,1,0,0,0,0,0,0,1,0,"21,062"
,,Stillwater,0,1,1,0,0,0,0,2,0,0,"50,159"
,,Wagoner,1,0,0,0,0,0,0,0,1,0,"8,931"
,,Wewoka,1,0,1,0,0,0,0,1,0,1,"3,390"
,,Woodward,1,0,0,0,0,0,0,1,0,0,"12,655"
,Universities and Colleges,,1,0,0,0,0,1,,,,,
,,Langston University,0,0,0,0,0,1,0,0,0,1,"2,420"
,,"Oklahoma State University, Main Campus",1,0,0,0,0,0,0,0,0,1,"25,622"
,Metropolitan Counties,,2,1,0,0,0,0,,,,,
,,Lincoln,1,0,0,0,0,0,0,1,0,0,
,,Tulsa,1,1,0,0,0,0,1,0,1,0,
,Nonmetropolitan Counties,,4,1,3,0,0,0,,,,,
,,Choctaw,0,0,1,0,0,0,0,0,0,1,
,,Delaware,0,1,2,0,0,0,1,1,1,0,
,,Kingfisher,2,0,0,0,0,0,0,1,0,1,
,,Marshall,1,0,0,0,0,0,0,0,1,0,
,,Payne,1,0,0,0,0,0,0,1,0,0,
Oregon,Total,,84,29,24,4,1,4,,,,,
,Cities,,79,29,20,3,1,4,,,,,
,,Albany,1,0,1,0,0,0,1,0,0,1,"53,701"
,,Ashland,1,1,1,0,0,0,1,0,1,1,"21,908"
,,Baker City,0,0,1,0,0,0,1,0,0,0,"9,764"
,,Beaverton,1,2,0,0,0,0,0,1,1,1,"98,897"
,,Canby,1,0,0,0,0,0,0,0,1,0,"17,823"
,,Central Point,1,0,0,0,0,0,0,1,0,0,"18,525"
,,Corvallis,3,0,1,0,0,0,0,2,1,1,"57,576"
,,Eugene,46,12,8,1,1,4,16,23,14,19,"168,310"
,,Gresham,0,0,1,1,0,0,0,1,1,0,"112,466"
,,Hillsboro,1,3,0,0,0,0,1,2,1,0,"107,433"
,,Klamath Falls,3,1,1,0,0,0,3,0,0,2,"22,436"
,,Newberg-Dundee,1,1,0,0,0,0,1,0,1,0,"26,769"
,,North Plains,1,0,0,0,0,0,0,0,1,0,"2,158"
,,Ontario,0,0,1,0,0,0,1,0,0,0,"10,970"
,,Oregon City,0,1,0,0,0,0,0,0,0,1,"36,921"
,,Portland,10,4,3,1,0,0,7,7,1,3,"649,408"
,,Salem,4,0,1,0,0,0,0,3,1,1,"169,565"
,,Sherwood,0,1,0,0,0,0,0,0,1,0,"19,473"
,,Springfield,1,0,0,0,0,0,0,0,0,1,"62,318"
,,Tigard,4,3,1,0,0,0,3,1,3,1,"52,524"
,Universities and Colleges,,0,0,1,0,0,0,,,,,
,,Portland State University,0,0,1,0,0,0,0,0,0,1,"26,627"
,Metropolitan Counties,,3,0,2,0,0,0,,,,,
,,Benton,1,0,0,0,0,0,0,0,0,1,
,,Columbia,1,0,0,0,0,0,0,0,1,0,
,,Lane,0,0,2,0,0,0,2,0,0,0,
,,Washington,1,0,0,0,0,0,0,1,0,0,
,Nonmetropolitan Counties,,0,0,1,1,0,0,,,,,
,,Crook,0,0,1,0,0,0,1,0,0,0,
,,Umatilla,0,0,0,1,0,0,1,0,0,0,
,State Police Agencies,,1,0,0,0,0,0,,,,,
,,"State Police, Benton County",1,0,0,0,0,0,1,0,0,0,
,Tribal Agencies,,1,0,0,0,0,0,,,,,
,,Grand Ronde Tribal,1,0,0,0,0,0,0,1,0,0,
Pennsylvania,Total,,52,17,6,0,0,3,,,,,
,Cities,,43,14,6,0,0,3,,,,,
,,Bethlehem,1,0,0,0,0,0,0,0,0,1,"75,336"
,,Carlisle,1,0,0,0,0,0,1,0,0,0,"19,233"
,,East Earl Township,1,0,0,0,0,0,0,1,0,0,"6,838"
,,Lower Windsor Township,1,0,0,0,0,0,1,0,0,0,"7,500"
,,"Manor Township, Lancaster County",1,0,0,0,0,0,0,0,1,0,"20,949"
,,Murrysville,1,0,0,0,0,0,1,0,0,0,"20,034"
,,New Hope,0,0,1,0,0,0,0,0,0,1,"2,492"
,,Patton Township,1,0,0,0,0,0,0,0,1,0,"16,100"
,,Philadelphia,19,14,4,0,0,3,7,20,7,6,"1,575,595"
,,Pittsburgh,13,0,1,0,0,0,6,3,3,2,"305,932"
,,"Richland Township, Cambria County",1,0,0,0,0,0,0,0,0,1,"12,153"
,,Selinsgrove,1,0,0,0,0,0,0,1,0,0,"5,930"
,,"Washington Township, Franklin County",1,0,0,0,0,0,1,0,0,0,"14,678"
,,Wilkes-Barre,1,0,0,0,0,0,0,1,0,0,"40,418"
,Universities and Colleges,,4,2,0,0,0,0,,,,,
,,Elizabethtown College,1,0,0,0,0,0,0,0,0,1,"1,784"
,,Pennsylvania State University:  ,,,,,,,,,,,
,,Brandywine,1,0,0,0,0,0,0,0,0,1,"1,379"
,,University Park,2,1,0,0,0,0,0,0,1,2,"47,789"
,,"University of Pittsburgh, Pittsburgh",0,1,0,0,0,0,1,0,0,0,"28,664"
,State Police Agencies,,5,1,0,0,0,0,,,,,
,,State Police:,,,,,,,,,,,
,,Centre County,1,0,0,0,0,0,0,0,1,0,
,,Chester County,1,0,0,0,0,0,0,1,,0,
,,Cumberland County,1,0,0,0,0,0,0,0,1,,
,,Erie County,1,0,0,0,0,0,0,0,1,0,
,,Skippack ,1,1,0,0,0,0,0,1,0,1,
Rhode Island,Total,,5,4,2,0,0,0,,,,,
,Cities,,5,4,2,0,0,0,,,,,
,,Coventry,1,0,0,0,0,0,0,0,1,0,"35,083"
,,East Providence,0,3,0,0,0,0,0,1,2,0,"47,502"
,,Johnston,1,0,0,0,0,0,0,1,0,0,"29,375"
,,Providence,3,1,2,0,0,0,1,2,3,0,"179,854"
South Carolina,Total,,63,11,12,1,0,0,,,,,
,Cities,,36,3,5,0,0,0,,,,,
,,Abbeville,0,0,1,0,0,0,0,0,0,1,"5,153"
,,Andrews,7,0,0,0,0,0,4,2,1,0,"2,903"
,,Beaufort,4,0,0,0,0,0,0,0,4,0,"13,612"
,,Cayce,3,0,0,0,0,0,0,3,0,0,"14,434"
,,Charleston,1,0,0,0,0,0,0,0,1,0,"136,845"
,,Chester,1,0,0,0,0,0,1,0,0,0,"5,452"
,,Denmark,3,0,0,0,0,0,0,0,0,3,"2,942"
,,Elloree,1,0,0,0,0,0,0,0,0,1,666
,,Greeleyville,1,0,0,0,0,0,1,0,0,0,400
,,Greenville,0,1,1,0,0,0,0,0,2,0,"68,922"
,,Hartsville,1,0,1,0,0,0,0,0,1,1,"7,769"
,,Irmo,1,0,0,0,0,0,0,0,1,0,"12,353"
,,Laurens,1,0,0,0,0,0,0,0,0,1,"9,089"
,,Moncks Corner,3,1,1,0,0,0,2,2,1,0,"10,818"
,,Myrtle Beach,0,0,1,0,0,0,0,0,1,0,"33,167"
,,North Charleston,1,0,0,0,0,0,0,0,0,1,"111,305"
,,Orangeburg,1,0,0,0,0,0,0,1,0,0,"13,076"
,,Pickens,1,0,0,0,0,0,0,0,1,0,"3,201"
,,St. George,1,0,0,0,0,0,0,0,1,0,"2,181"
,,Sullivans Island,0,1,0,0,0,0,0,1,0,0,"1,961"
,,Union,2,0,0,0,0,0,2,0,0,0,"7,940"
,,Westminster,1,0,0,0,0,0,0,0,0,1,"2,514"
,,Winnsboro,2,0,0,0,0,0,0,1,1,0,"3,276"
,Universities and Colleges,,4,0,0,0,0,0,,,,,
,,Benedict College,1,0,0,0,0,0,0,0,0,1,"2,281"
,,Clemson University,1,0,0,0,0,0,1,0,0,0,"23,406"
,,Medical University of South Carolina,1,0,0,0,0,0,1,0,0,0,"2,986"
,,The Citadel,1,0,0,0,0,0,0,1,0,0,"3,602"
,Metropolitan Counties,,5,2,4,0,0,0,,,,,
,,Beaufort,1,1,1,0,0,0,1,0,1,1,
,,Greenville,1,0,0,0,0,0,0,0,0,1,
,,Horry County Police Department,0,0,1,0,0,0,0,0,1,0,
,,Laurens,2,0,0,0,0,0,0,1,0,1,
,,Richland,1,1,1,0,0,0,1,0,1,1,
,,Sumter,0,0,1,0,0,0,1,0,0,0,
,Nonmetropolitan Counties,,17,6,3,1,0,0,,,,,
,,Abbeville,1,0,0,0,0,0,0,0,1,0,
,,Bamberg,0,4,0,0,0,0,2,1,0,1,
,,Chesterfield,4,0,0,0,0,0,1,3,0,0,
,,Clarendon,0,0,1,0,0,0,0,0,0,1,
,,Colleton,2,0,0,0,0,0,0,1,0,1,
,,Dillon,1,0,0,0,0,0,0,0,0,1,
,,Georgetown,0,1,0,0,0,0,0,0,0,1,
,,Greenwood,1,0,0,0,0,0,0,0,0,1,
,,Hampton,0,0,1,0,0,0,0,0,1,0,
,,Marion,0,0,1,0,0,0,0,0,0,1,
,,Orangeburg,7,1,0,1,0,0,3,1,2,3,
,,Williamsburg,1,0,0,0,0,0,1,0,0,0,
,Other Agencies,,1,0,0,0,0,0,,,,,
,,Lexington County Medical Center,1,0,0,0,0,0,0,0,0,1,
South Dakota,Total,,8,4,3,2,0,0,,,,,
,Cities,,5,2,2,0,0,0,,,,,
,,Brookings,2,0,0,0,0,0,0,1,0,1,"24,198"
,,Rapid City,1,0,0,0,0,0,0,1,0,0,"74,986"
,,Sioux Falls,1,2,2,0,0,0,2,2,0,1,"177,888"
,,Spearfish,1,0,0,0,0,0,1,0,0,0,"11,697"
,Metropolitan Counties,,3,0,1,1,0,0,,,,,
,,Custer,1,0,0,0,0,0,0,0,1,0,
,,McCook,0,0,1,0,0,0,0,0,0,1,
,,Minnehaha,1,0,0,0,0,0,1,0,0,0,
,,Pennington,1,0,0,0,0,0,0,0,0,1,
,,Union,0,0,0,1,0,0,1,0,0,0,
,Nonmetropolitan Counties,,0,2,0,1,0,0,,,,,
,,Brookings,0,2,0,1,0,0,0,0,3,0,
Tennessee,Total,,88,18,21,7,2,0,,,,,
,Cities,,61,9,21,6,2,0,,,,,
,,Adamsville,0,0,1,0,0,0,0,0,0,1,"2,207"
,,Alcoa,0,1,0,0,0,0,0,0,0,1,"10,128"
,,Bartlett,1,0,0,0,0,0,0,0,1,0,"58,895"
,,Bolivar,0,1,0,0,0,0,1,0,0,0,"5,066"
,,Brighton,1,0,0,0,0,0,1,0,0,0,"2,949"
,,Brownsville,1,0,0,0,0,0,1,0,0,0,"9,698"
,,Centerville,1,0,0,0,0,0,1,0,0,0,"3,564"
,,Chattanooga,3,0,1,0,0,0,2,1,1,0,"178,753"
,,Clarksville,2,0,2,0,0,0,1,1,2,0,"153,294"
,,Cleveland,7,0,0,0,0,0,0,3,0,4,"44,778"
,,Collierville,4,0,0,0,0,0,0,0,4,0,"49,790"
,,Covington,2,0,0,1,0,0,0,1,2,0,"8,909"
,,Crossville,1,0,0,0,0,0,0,1,0,0,"11,555"
,,Fairview,1,0,0,0,0,0,0,1,0,0,"8,648"
,,Germantown,1,0,0,0,1,0,0,1,0,1,"39,086"
,,Greenbrier,0,0,1,0,0,0,1,0,0,0,"6,853"
,,Greeneville,0,0,0,1,0,0,0,0,1,0,"15,065"
,,Jackson,3,0,2,0,0,0,1,3,1,0,"67,031"
,,Jamestown,0,0,1,1,0,0,1,0,1,0,"1,964"
,,Jonesborough,0,0,0,1,0,0,0,1,0,0,"5,378"
,,Knoxville,2,0,3,0,0,0,2,0,3,0,"187,539"
,,Lebanon,5,0,0,0,0,0,1,2,2,0,"32,248"
,,Manchester,1,0,0,0,0,0,0,0,0,1,"10,702"
,,McMinnville,1,1,0,0,0,0,0,1,1,0,"13,786"
,,Memphis,4,0,3,0,0,0,1,4,0,2,"652,765"
,,Milan,2,1,1,0,1,0,2,1,0,2,"7,780"
,,Millington,3,0,1,0,0,0,0,0,2,2,"10,944"
,,Morristown,3,0,0,0,0,0,0,1,2,0,"29,774"
,,Murfreesboro,0,0,0,1,0,0,1,0,0,0,"136,102"
,,Nashville Metropolitan,11,5,3,0,0,0,6,3,6,4,"674,942"
,,Ripley,0,0,1,0,0,0,0,0,1,0,"8,067"
,,Rogersville,1,0,0,0,0,0,0,0,1,0,"4,367"
,,Smyrna,0,0,1,0,0,0,0,0,0,1,"50,091"
,,White Bluff,0,0,0,1,0,0,0,1,0,0,"3,483"
,Universities and Colleges,,3,0,0,0,0,0,,,,,
,,Chattanooga State Community College,1,0,0,0,0,0,0,0,1,0,"8,628"
,,Tennessee Technological University,1,0,0,0,0,0,1,0,0,0,"10,493"
,,University of the South,1,0,0,0,0,0,0,0,0,1,"1,815"
,Metropolitan Counties,,10,5,0,0,0,0,,,,,
,,Anderson,1,0,0,0,0,0,0,1,0,0,
,,Cheatham,1,0,0,0,0,0,0,1,0,0,
,,Hamilton,1,2,0,0,0,0,0,0,3,0,
,,Hickman,0,1,0,0,0,0,0,0,1,0,
,,Knox,2,0,0,0,0,0,0,0,1,1,
,,Montgomery,0,1,0,0,0,0,0,0,0,1,
,,Rutherford,1,1,0,0,0,0,0,1,1,0,
,,Shelby,2,0,0,0,0,0,0,0,2,0,
,,Sullivan,1,0,0,0,0,0,0,0,1,0,
,,Washington,1,0,0,0,0,0,0,0,1,0,
,Nonmetropolitan Counties,,6,3,0,0,0,0,,,,,
,,Benton,0,2,0,0,0,0,0,0,2,0,
,,Claiborne,1,0,0,0,0,0,0,0,0,1,
,,Coffee,1,0,0,0,0,0,1,0,0,0,
,,Gibson,1,0,0,0,0,0,0,1,0,0,
,,Hardin,1,0,0,0,0,0,0,0,1,0,
,,McMinn,1,0,0,0,0,0,0,0,1,0,
,,Monroe,0,1,0,0,0,0,0,0,1,0,
,,Rhea,1,0,0,0,0,0,0,0,1,0,
,State Police Agencies,,8,1,0,0,0,0,,,,,
,,Department of Safety,8,1,0,0,0,0,0,2,5,2,
,Other Agencies,,0,0,0,1,0,0,,,,,
,,Tennessee Bureau of Investigation,0,0,0,1,0,0,0,0,1,0,
Texas,Total,,117,22,43,3,1,6,,,,,
,Cities,,104,20,38,3,0,6,,,,,
,,Abilene,3,0,0,0,0,0,0,1,2,0,"122,981"
,,Alvin,1,0,0,0,0,0,0,0,0,1,"26,488"
,,Arlington,4,2,1,0,0,0,0,1,0,6,"397,377"
,,Aubrey,0,0,1,0,0,0,1,0,0,0,"3,535"
,,Austin,10,3,4,0,0,1,5,4,4,5,"971,949"
,,Balch Springs,1,0,0,0,0,0,0,0,1,0,"25,199"
,,Beaumont,1,0,0,0,0,0,0,1,0,0,"118,456"
,,Bedford,1,0,0,0,0,0,1,0,0,0,"49,947"
,,Bellmead,1,0,0,0,0,0,0,1,0,0,"10,371"
,,Brownwood,1,0,0,0,0,0,1,0,0,0,"19,133"
,,Burkburnett,1,0,1,0,0,0,0,0,1,1,"11,142"
,,Burleson,2,0,0,0,0,0,1,0,,1,"46,531"
,,Burnet,0,0,1,0,0,0,1,0,0,0,"6,422"
,,Cedar Park,2,0,0,0,0,0,0,1,1,0,"72,143"
,,Corsicana,0,0,1,0,0,0,0,0,0,1,"24,011"
,,Dallas,2,0,12,0,0,0,1,1,2,10,"1,338,551"
,,Decatur,1,0,0,0,0,0,0,0,0,1,"6,755"
,,Denton,1,1,2,0,0,0,0,0,3,1,"136,836"
,,Devine,3,0,0,0,0,0,,0,0,3,"4,847"
,,Dumas,1,0,0,0,0,0,0,0,0,1,"14,943"
,,El Paso,4,0,0,0,0,0,4,0,0,0,"688,667"
,,Flower Mound,2,0,1,0,0,0,0,0,0,3,"75,101"
,,Fort Worth,7,2,4,0,0,0,2,1,7,3,"873,069"
,,Frisco,1,0,0,0,0,0,0,0,1,0,"172,804"
,,Galena Park,1,1,0,0,0,0,0,1,,1,"11,091"
,,Galveston,2,0,1,0,0,0,0,3,0,0,"51,021"
,,Giddings,1,0,0,0,0,0,0,0,0,1,"5,154"
,,Greenville,1,0,0,0,0,0,0,0,1,0,"27,434"
,,Henderson,0,0,0,0,0,1,0,1,0,0,"13,366"
,,Hewitt,0,0,1,0,0,0,1,0,0,0,"14,443"
,,Hitchcock,1,0,0,1,0,0,0,0,0,2,"7,949"
,,Houston,2,3,1,0,0,2,2,1,2,3,"2,338,235"
,,Iowa Park,1,1,0,0,0,0,0,0,0,2,"6,361"
,,Jacksonville,1,0,0,0,0,0,0,0,0,1,"14,955"
,,Keene,2,0,0,0,0,0,1,1,0,0,"6,334"
,,Lacy-Lakeview,1,0,0,0,0,0,0,1,0,0,"6,633"
,,Lampasas,2,0,0,0,0,0,0,0,0,2,"7,910"
,,League City,3,0,0,0,0,0,1,1,0,1,"105,351"
,,Leon Valley,2,0,0,0,0,0,,2,0,,"11,508"
,,Longview2,1,2,3,0,0,1,0,3,0,3,"82,303"
,,Lubbock,2,0,0,0,0,0,,,,2,"256,335"
,,Marble Falls,1,0,0,0,0,0,1,0,0,0,"6,358"
,,McKinney,4,1,0,0,0,0,2,1,2,0,"179,934"
,,Odessa,2,1,2,1,0,0,2,2,1,1,"121,194"
,,Palestine,1,0,0,0,0,0,0,0,0,1,"18,316"
,,Pampa,1,0,0,0,0,0,0,0,1,0,"17,736"
,,Pearland,1,0,0,0,0,0,0,1,0,0,"117,869"
,,Pflugerville,4,0,0,0,0,0,,,0,4,"61,212"
,,Plano,2,0,0,0,0,1,1,2,0,0,"290,413"
,,Rockwall,1,0,0,1,0,0,0,0,1,1,"44,599"
,,Round Rock,1,0,0,0,0,0,0,1,0,0,"124,617"
,,Rusk,2,0,0,0,0,0,0,0,1,1,"5,576"
,,Sachse,1,0,0,0,0,0,0,0,1,0,"25,907"
,,San Angelo,1,0,0,0,0,0,1,0,0,0,"101,931"
,,San Antonio,2,1,1,0,0,0,1,2,0,1,"1,520,712"
,,San Saba,0,1,0,0,0,0,0,0,0,1,"3,071"
,,Schulenburg,0,1,0,0,0,0,0,0,1,0,"2,943"
,,Seven Points,1,0,1,0,0,0,1,0,0,1,"1,462"
,,Silsbee,1,0,0,0,0,0,0,0,1,0,"6,747"
,,Temple,2,0,0,0,0,0,0,0,0,2,"74,794"
,,Thorndale,1,0,0,0,0,0,0,0,1,0,"1,293"
,,Victoria,1,0,0,0,0,0,0,1,0,0,"68,544"
,,Wolfforth,1,0,0,0,0,0,0,0,1,0,"4,552"
,Universities and Colleges,,0,0,2,0,0,0,,,,,
,,South Plains College,0,0,1,0,0,0,0,0,0,1,"9,478"
,,"Texas Tech University, Lubbock",0,0,1,0,0,0,,,0,1,"36,551"
,Metropolitan Counties,,9,1,3,0,0,0,,,,,
,,Austin,1,0,0,0,0,0,0,0,1,0,
,,Fort Bend,3,0,0,0,0,0,1,1,,1,
,,Kaufman,1,0,0,0,0,0,0,0,0,1,
,,Travis,2,1,3,0,0,0,2,2,0,2,
,,Webb,1,0,0,0,0,0,0,0,1,0,
,,Williamson,1,0,0,0,0,0,0,0,1,0,
,Nonmetropolitan Counties,,3,0,0,0,1,0,,,,,
,,Cherokee,1,0,0,0,0,0,0,0,1,,
,,Floyd2,2,0,0,0,1,0,0,0,1,1,
,Other Agencies,,1,1,0,0,0,0,,,,,
,,Independent School District:  ,,,,,,,,,,,
,,Austin,0,1,0,0,0,0,0,0,0,1,
,,Pflugerville,1,0,0,0,0,0,,,0,1,
Utah,Total,,51,15,8,0,0,4,,,,,
,Cities,,32,10,4,0,0,2,,,,,
,,Bountiful,7,0,0,0,0,0,2,3,0,2,"44,312"
,,Draper,1,0,0,0,0,0,0,0,0,1,"48,197"
,,Kaysville,1,1,0,0,0,0,2,0,0,0,"31,873"
,,Layton,2,2,0,0,0,0,1,0,2,1,"77,048"
,,Logan,0,0,1,0,0,0,0,0,0,1,"51,059"
,,Moab,1,0,0,0,0,0,0,0,1,0,"5,266"
,,Ogden,2,1,1,0,0,0,1,1,2,0,"87,323"
,,Pleasant View,1,0,0,0,0,0,0,0,0,1,"10,036"
,,Price,1,1,0,0,0,2,2,2,0,0,"8,313"
,,Roosevelt,1,0,0,0,0,0,0,0,0,1,"7,057"
,,Roy,2,0,0,0,0,0,2,0,0,0,"38,410"
,,Salt Lake City,2,1,1,0,0,0,0,1,1,2,"194,968"
,,South Jordan,2,2,0,0,0,0,1,1,1,1,"72,533"
,,South Ogden,0,1,0,0,0,0,0,0,1,0,"17,177"
,,South Salt Lake,1,0,0,0,0,0,0,0,1,0,"24,811"
,,St. George,4,0,0,0,0,0,3,0,0,1,"84,007"
,,Washington,1,0,1,0,0,0,1,0,0,1,"26,618"
,,West Jordan,0,1,0,0,0,0,0,0,0,1,"115,390"
,,West Valley,3,0,0,0,0,0,0,1,2,0,"137,762"
,Metropolitan Counties,,1,3,1,0,0,0,,,,,
,,Davis,0,0,1,0,0,0,0,0,0,1,
,,Salt Lake County Unified Police Department,0,3,0,0,0,0,1,0,1,1,
,,Weber,1,0,0,0,0,0,0,0,1,0,
,Nonmetropolitan Counties,,5,1,2,0,0,0,,,,,
,,Carbon,0,1,1,0,0,0,0,0,0,2,
,,Duchesne,1,0,0,0,0,0,0,1,0,0,
,,Uintah,4,0,1,0,0,0,1,2,1,1,
,Other Agencies,,13,1,1,0,0,2,,,,,
,,Utah Transit Authority,11,1,1,0,0,2,4,5,3,3,
,,Weber Morgan Narcotics Strike Force,2,0,0,0,0,0,0,1,0,1,
Vermont,Total,,18,6,8,3,0,0,,,,,
,Cities,,15,4,8,2,0,0,,,,,
,,Brattleboro2,2,0,1,0,0,0,1,0,1,0,"11,536"
,,Bristol,0,1,0,0,0,0,0,1,0,0,"3,908"
,,Burlington,4,1,2,0,0,0,1,1,5,0,"42,230"
,,Colchester,1,0,0,0,0,0,0,0,1,0,"17,353"
,,Dover,0,0,1,0,0,0,0,0,0,1,"1,076"
,,Essex,0,0,1,0,0,0,0,0,0,1,"21,470"
,,Hartford,1,0,0,1,0,0,0,0,1,1,"9,628"
,,Middlebury,1,0,0,0,0,0,0,0,0,1,"8,681"
,,Newport,0,0,1,0,0,0,0,1,0,0,"4,287"
,,Rutland,0,0,1,0,0,0,0,0,0,1,"15,462"
,,South Burlington,1,0,0,0,0,0,0,1,0,0,"19,146"
,,St. Albans,1,2,0,1,0,0,0,1,1,2,"6,772"
,,St. Johnsbury,1,0,0,0,0,0,0,1,0,0,"7,196"
,,Williston,3,0,0,0,0,0,3,0,0,0,"9,731"
,,Winooski,0,0,1,0,0,0,0,1,0,0,"7,105"
,Universities and Colleges,,2,2,0,1,0,0,,,,,
,,University of Vermont,2,2,0,1,0,0,1,2,1,1,"13,105"
,Metropolitan Counties,,1,0,0,0,0,0,,,,,
,,Franklin,1,0,0,0,0,0,0,0,0,1,
Virginia,Total,,109,42,35,7,0,0,,,,,
,Cities,,41,10,9,1,0,0,,,,,
,,Alexandria,1,2,2,0,0,0,3,2,0,0,"158,256"
,,Altavista,0,0,1,0,0,0,1,0,0,0,"3,470"
,,Bedford,1,0,0,0,0,0,0,0,0,1,"6,622"
,,Blacksburg,0,1,0,0,0,0,1,0,0,0,"45,443"
,,Charlottesville,1,0,0,0,0,0,0,0,0,1,"47,446"
,,Chesapeake,6,0,0,0,0,0,1,0,1,4,"240,119"
,,Christiansburg,1,0,0,0,0,0,0,0,0,1,"22,272"
,,Emporia,1,0,0,0,0,0,1,0,0,0,"5,201"
,,Farmville,0,1,0,0,0,0,0,0,1,0,"8,127"
,,Front Royal,0,0,1,0,0,0,0,1,0,0,"15,270"
,,Hampton,3,0,0,0,0,0,0,1,1,1,"134,929"
,,Harrisonburg,2,0,0,0,0,0,0,2,0,0,"53,717"
,,Leesburg,4,2,0,0,0,0,1,3,1,1,"54,393"
,,Lynchburg,2,0,0,0,0,0,1,1,0,0,"80,890"
,,Manassas,1,0,0,0,0,0,1,0,0,0,"41,995"
,,Manassas Park,1,0,0,0,0,0,1,0,0,0,"16,158"
,,Marion,1,0,0,0,0,0,0,0,1,0,"5,837"
,,Newport News,2,1,1,0,0,0,3,0,1,0,"181,738"
,,Norfolk,1,0,1,0,0,0,0,0,1,1,"245,190"
,,Petersburg,1,0,0,0,0,0,1,0,0,0,"31,739"
,,Portsmouth,3,0,1,0,0,0,1,2,1,0,"95,100"
,,Purcellville,0,1,0,0,0,0,0,0,1,0,"9,779"
,,Richmond,2,0,0,0,0,0,1,0,0,1,"226,236"
,,Suffolk,1,0,2,0,0,0,0,1,2,0,"89,922"
,,Vienna,1,0,0,0,0,0,0,0,0,1,"16,590"
,,Vinton,0,1,0,0,0,0,0,0,1,0,"8,207"
,,Virginia Beach,5,1,0,1,0,0,2,4,1,0,"454,353"
,Universities and Colleges,,6,4,1,0,0,0,,,,,
,,George Mason University,3,0,0,0,0,0,0,1,2,0,"34,909"
,,Northern Virginia Community College,1,2,0,0,0,0,2,1,0,0,"50,835"
,,University of Mary Washington,0,2,1,0,0,0,1,0,2,0,"4,726"
,,Virginia Polytechnic Institute and State University,2,0,0,0,0,0,0,1,0,1,"33,170"
,Metropolitan Counties,,56,27,20,1,0,0,,,,,
,,Albemarle County Police Department,2,0,0,0,0,0,0,2,0,0,
,,Amelia,2,0,0,0,0,0,1,1,0,0,
,,Arlington County Police Department,2,2,0,0,0,0,1,1,2,0,
,,Bedford,0,0,0,1,0,0,0,1,0,0,
,,Chesterfield County Police Department,6,1,2,0,0,0,2,3,3,1,
,,Clarke,2,0,1,0,0,0,0,0,3,0,
,,Fairfax County Police Department,17,11,8,0,0,0,11,5,11,9,
,,Fauquier,3,0,0,0,0,0,1,0,1,1,
,,Franklin,1,0,1,0,0,0,0,0,2,0,
,,Frederick,2,0,0,0,0,0,0,1,0,1,
,,Gloucester,1,1,0,0,0,0,2,0,0,0,
,,Goochland,0,1,0,0,0,0,0,1,0,0,
,,Henrico County Police Department,1,0,0,0,0,0,1,0,0,0,
,,Loudoun,7,5,4,0,0,0,5,5,4,2,
,,Prince George County Police Department,0,0,1,0,0,0,0,0,0,1,
,,Prince William County Police Department,2,2,0,0,0,0,0,3,0,1,
,,Rockingham,1,0,1,0,0,0,0,1,1,0,
,,Spotsylvania,2,3,2,0,0,0,2,3,2,0,
,,Stafford,4,1,0,0,0,0,1,3,0,1,
,,York,1,0,0,0,0,0,0,1,0,0,
,Nonmetropolitan Counties,,4,1,1,0,0,0,,,,,
,,King and Queen,1,0,0,0,0,0,1,0,0,0,
,,Louisa,1,0,0,0,0,0,0,0,1,0,
,,Madison,0,1,0,0,0,0,1,0,0,0,
,,Page,2,0,0,0,0,0,1,0,0,1,
,,Westmoreland,0,0,1,0,0,0,1,0,0,0,
,State Police Agencies,,2,0,4,5,0,0,,,,,
,,State Police:  ,,,,,,,,,,,
,,Amherst County,0,0,0,3,0,0,0,0,2,1,
,,Frederick County,0,0,1,0,0,0,0,1,0,0,
,,Halifax County,0,0,0,1,0,0,1,0,0,0,
,,Harrisonburg,0,0,1,0,0,0,0,0,0,1,
,,Henrico County,0,0,1,0,0,0,0,0,0,1,
,,Rockbridge County,1,0,0,0,0,0,1,0,0,0,
,,Washington County,0,0,1,0,0,0,0,1,0,0,
,,Westmoreland County,0,0,0,1,0,0,0,0,0,1,
,,Winchester,1,0,0,0,0,0,1,0,0,0,
Washington,Total,,323,88,79,1,6,16,,,,,
,Cities,,274,76,75,1,4,15,,,,,
,,Aberdeen,0,0,1,0,0,0,0,1,0,0,"16,243"
,,Arlington,1,0,0,0,0,0,0,1,0,0,"19,302"
,,Auburn,4,0,1,0,0,0,0,3,2,0,"78,718"
,,Battle Ground,1,0,0,0,0,0,1,0,0,0,"20,516"
,,Bellevue,11,4,0,0,0,1,3,3,6,4,"143,703"
,,Bellingham,9,0,1,0,1,0,0,5,3,3,"88,652"
,,Bremerton,0,0,1,0,0,0,1,0,0,0,"41,173"
,,Burien,3,0,0,0,0,0,2,0,1,,"51,479"
,,Centralia,0,1,0,0,0,0,0,0,0,1,"17,048"
,,Darrington,1,0,0,0,0,0,1,0,0,0,"1,391"
,,Dupont,1,0,0,0,0,0,1,0,0,0,"9,721"
,,Edmonds,6,0,0,0,0,0,1,4,0,1,"42,197"
,,Ellensburg,0,1,0,0,0,0,0,0,0,1,"20,026"
,,Everett,5,0,1,0,0,0,2,1,2,1,"110,040"
,,Federal Way,0,1,0,0,0,0,0,0,1,0,"98,014"
,,Fife,2,0,0,0,0,0,0,1,1,0,"10,264"
,,Forks,1,0,0,0,0,0,0,0,0,1,"3,822"
,,Hoquiam,1,0,0,0,0,0,1,0,0,0,"8,386"
,,Issaquah,2,2,1,0,0,0,0,2,2,1,"38,592"
,,Kelso,1,0,0,0,0,0,0,0,0,1,"12,070"
,,Kent,13,2,0,0,0,0,5,5,3,2,"128,990"
,,Kirkland,4,1,0,0,0,0,1,2,1,1,"88,898"
,,Lacey,1,0,0,0,1,0,0,2,0,0,"48,597"
,,Lake Stevens,1,0,1,0,0,0,1,0,0,1,"32,288"
,,Lakewood,1,0,0,0,0,0,0,1,0,0,"61,080"
,,Lynnwood,1,0,0,0,0,0,1,0,0,0,"38,469"
,,Marysville,2,2,0,0,0,0,1,2,1,0,"68,950"
,,Mill Creek,0,0,1,0,0,1,0,1,0,1,"20,664"
,,Monroe,3,1,0,0,0,0,0,1,2,1,"18,596"
,,Mount Vernon,5,0,0,0,0,0,1,3,0,1,"35,085"
,,Mukilteo,0,1,0,0,0,0,0,1,0,0,"21,662"
,,Oak Harbor,1,0,0,0,0,0,0,1,0,0,"23,371"
,,Olympia,3,0,0,0,0,1,2,2,0,0,"51,923"
,,Orting,2,2,0,0,0,0,2,0,1,1,"7,863"
,,Pasco,1,0,0,0,0,0,1,0,0,0,"72,146"
,,Port Angeles,2,1,0,0,0,0,2,0,0,1,"19,964"
,,Pullman,1,0,0,0,0,0,0,0,0,1,"33,897"
,,Puyallup,1,0,0,0,0,0,0,0,1,0,"41,242"
,,Redmond2,1,2,2,0,0,0,1,1,1,0,"63,889"
,,Renton,3,3,0,0,0,0,4,0,0,2,"102,470"
,,Richland,5,0,0,0,0,0,0,2,1,2,"56,151"
,,Seattle,120,45,57,0,1,11,46,66,63,59,"721,365"
,,Shoreline,1,0,1,0,0,0,1,0,1,0,"55,703"
,,Spokane,22,2,3,0,1,0,16,8,0,4,"217,066"
,,Spokane Valley,9,3,2,0,0,0,1,4,5,4,"97,430"
,,Tacoma,7,1,0,0,0,0,2,2,4,0,"213,504"
,,Toppenish,1,0,0,0,0,0,0,0,1,0,"8,974"
,,Tukwila,5,0,1,0,0,1,0,3,3,1,"20,183"
,,Tumwater,1,0,0,0,0,0,0,1,0,0,"22,961"
,,Union Gap,0,1,0,0,0,0,1,0,0,0,"6,104"
,,Vancouver,1,0,0,0,0,0,0,0,1,0,"176,884"
,,Walla Walla,1,0,0,0,0,0,0,1,0,0,"32,189"
,,West Richland,0,0,0,1,0,0,1,0,0,0,"14,603"
,,Yakima,6,0,1,0,0,0,3,2,1,1,"94,375"
,Universities and Colleges,,4,1,1,0,2,1,,,,,
,,Eastern Washington University,0,0,0,0,1,1,1,0,1,0,"12,279"
,,Evergreen State College,1,0,0,0,0,0,0,1,0,0,"4,089"
,,University of Washington,3,0,0,0,1,0,1,0,1,2,"45,591"
,,"Washington State University, Pullman",0,0,1,0,0,0,0,1,0,0,"30,142"
,,Western Washington University,0,1,0,0,0,0,0,0,0,1,"15,574"
,Metropolitan Counties,,41,9,3,0,0,0,,,,,
,,Cowlitz,1,0,0,0,0,0,0,0,0,1,
,,King,4,0,0,0,0,0,3,1,0,,
,,Pierce,6,1,1,0,0,0,3,0,5,0,
,,Skagit,1,2,0,0,0,0,2,0,1,0,
,,Skamania,1,0,0,0,0,0,0,1,0,0,
,,Snohomish,6,2,1,0,0,0,2,2,3,2,
,,Spokane,8,3,0,0,0,0,3,4,3,1,
,,Thurston,2,0,0,0,0,0,0,1,1,0,
,,Whatcom2,5,1,1,0,0,0,0,0,5,1,
,,Yakima,7,0,0,0,0,0,1,2,3,1,
,Nonmetropolitan Counties,,1,0,0,0,0,0,,,,,
,,Clallam,1,0,0,0,0,0,0,0,0,1,
,Tribal Agencies,,1,0,0,0,0,0,,,,,
,,Lummi Tribal,1,0,0,0,0,0,0,1,0,0,
,Other Agencies,,2,2,0,0,0,0,,,,,
,,Port of Seattle,2,2,0,0,0,0,0,1,0,3,
West Virginia,Total,,23,6,1,1,0,0,,,,,
,Cities,,10,4,1,0,0,0,,,,,
,,Barboursville,0,1,0,0,0,0,1,0,0,0,"4,315"
,,Bridgeport,1,0,0,0,0,0,1,0,0,0,"8,401"
,,Buckhannon,1,0,0,0,0,0,0,0,0,1,"5,610"
,,Charleston,3,0,1,0,0,0,1,0,2,1,"48,788"
,,Fairmont,1,0,0,0,0,0,1,0,0,0,"18,604"
,,Huntington,0,1,0,0,0,0,0,0,0,1,"47,933"
,,Martinsburg,0,1,0,0,0,0,0,0,0,1,"17,761"
,,Oak Hill,3,0,0,0,0,0,0,3,0,0,"8,490"
,,Parkersburg,1,0,0,0,0,0,0,1,0,0,"30,475"
,,White Sulphur Springs,0,1,0,0,0,0,0,1,0,0,"2,417"
,Universities and Colleges,,2,1,0,0,0,0,,,,,
,,Shepherd University,2,1,0,0,0,0,1,0,0,2,"3,779"
,Metropolitan Counties,,6,0,0,0,0,0,,,,,
,,Berkeley,3,0,0,0,0,0,0,1,1,1,
,,Brooke,1,0,0,0,0,0,1,0,0,0,
,,Fayette,1,0,0,0,0,0,0,0,0,1,
,,Jefferson,1,0,0,0,0,0,0,1,0,0,
,Nonmetropolitan Counties,,5,1,0,1,0,0,,,,,
,,Braxton,1,0,0,0,0,0,1,0,0,0,
,,Harrison,0,1,0,0,0,0,0,1,0,0,
,,Lewis,1,0,0,1,0,0,0,0,1,1,
,,Mason,1,0,0,0,0,0,0,0,1,0,
,,McDowell,2,0,0,0,0,0,0,1,0,1,
Wisconsin,Total,,15,17,13,1,0,0,,,,,
,Cities,,14,12,11,1,0,0,,,,,
,,Appleton,1,3,0,0,0,0,0,0,1,3,"74,660"
,,Beloit,0,2,0,0,0,0,2,0,0,,"36,724"
,,Eau Claire,1,0,0,0,0,0,1,0,0,0,"68,687"
,,Fond du Lac,0,1,0,0,0,0,0,0,1,0,"42,929"
,,Hudson,1,3,8,0,0,0,2,3,6,1,"13,788"
,,Juneau,0,0,0,1,0,0,0,1,0,0,"2,703"
,,Kaukauna,0,0,1,0,0,0,0,0,1,0,"15,969"
,,La Crosse,1,0,0,0,0,0,0,0,1,0,"52,234"
,,Madison,0,1,1,0,0,0,0,1,1,0,"255,850"
,,Manitowoc,1,0,0,0,0,0,1,0,0,0,"32,813"
,,Milwaukee,4,1,0,0,0,0,3,0,0,2,"595,168"
,,North Fond du Lac,1,0,0,0,0,0,0,1,0,0,"5,038"
,,Seymour,1,0,0,0,0,0,0,0,1,0,"3,441"
,,Sheboygan,1,0,0,0,0,0,0,0,0,1,"48,595"
,,South Milwaukee,1,0,0,0,0,0,1,0,0,0,"21,039"
,,Tomahawk,0,1,0,0,0,0,0,1,0,0,"3,169"
,,West Allis,1,0,0,0,0,0,0,0,0,1,"60,043"
,,Wisconsin Rapids,0,0,1,0,0,0,0,0,1,0,"17,807"
,Metropolitan Counties,,0,4,1,0,0,0,,,,,
,,Calumet,0,1,0,0,0,0,0,0,0,1,
,,Columbia,0,1,0,0,0,0,0,1,0,0,
,,Rock,0,0,1,0,0,0,0,0,1,0,
,,St. Croix,0,2,0,0,0,0,1,1,0,0,
,Nonmetropolitan Counties,,0,1,0,0,0,0,,,,,
,,Burnett,0,1,0,0,0,0,0,0,1,0,
,Tribal Agencies,,1,0,1,0,0,0,,,,,
,,Lac Courtes Oreilles Tribal,1,0,1,0,0,0,1,0,1,0,
Wyoming,Total,,1,1,2,0,0,0,,,,,
,Cities,,0,1,2,0,0,0,,,,,
,,Laramie,0,1,1,0,0,0,0,0,0,2,"32,632"
,,Sheridan,0,0,1,0,0,0,0,0,1,0,"18,036"
,Universities and Colleges,,1,0,0,0,0,0,,,,,
,,University of Wyoming,1,0,0,0,0,0,0,1,0,0,"12,366"
"1 Population figures are published only for the cities. The figures listed for the universities and colleges are student enrollment and were provided by the United States Department of Education for the 2016 school year, the most recent available. The enrollment figures include full-time and part-time students.",,,,,,,,,,,,,
2 Includes one incident reported with more than one bias motivation.,,,, ,,,,,,,,,
3 Student enrollment figures were not available.,,,,,,,,,,,,,
